SET REFERENTIAL_INTEGRITY FALSE;

INSERT INTO OFFENDER (OFFENDER_PK,LIMITED_ACCESS_OFFENDER,PNC,CMS_PROB_NUMBER,CMS_PRIS_NUMBER,LEGACY_CMS_PROB_NUMBER,CRO_NUMBER,PRISON_NUMBER,MERGE_PNC_NUMBER,FAMILY_NAME,FORENAME_1,FORENAME_2,FORENAME_3,RISK_TO_OTHERS_ELM, RISK_TO_SELF_ELM,PRIMARY_LOCATION_AREA,CREATE_USER,LASTUPD_USER)
VALUES (1234,'Y','PNC','CRN','NOMIS','LEGACYCMS','CRO','BOOKIN','MPNC','Offender', 'Mike','Tom', 'Steve', 'Y', 'N','ANY','ANY','ANY');


INSERT INTO OASYS_ASSESSMENT_GROUP (OASYS_ASSESSMENT_GROUP_PK, OFFENDER_PK, ASSESSMENT_DATE_CLOSED, HISTORIC_STATUS_ELM, CREATE_DATE, CREATE_USER, LASTUPD_USER)
VALUES (6542, 1234, null, 'OTHER', TO_DATE('2018-08-16 10:16:36', 'YYYY-MM-DD HH24:MI:SS'), 'PROBATION1', 'SYS'),
       (6543, 1234, null, 'CURRENT', TO_DATE('2018-10-16 10:16:36', 'YYYY-MM-DD HH24:MI:SS'), 'PROBATION1', 'SYS');


-- The ref assessment version is from V1_98.sql
INSERT INTO OASYS_SET (OASYS_SET_PK, ASSESSMENT_VOIDED_DATE, ASSESSOR_NAME, OASYS_SCORING_ALG_VERSION, CREATE_DATE,  DATE_COMPLETED, ASSESSMENT_TYPE_ELM, ASSESSMENT_STATUS_ELM, OASYS_ASSESSMENT_GROUP_PK, REF_ASS_VERSION_CODE, VERSION_NUMBER, ASSESSMENT_STATUS_CAT, CREATE_USER, LASTUPD_USER)
VALUES (5430, null, 'Probation Test', 1, TO_DATE('2018-05-19 23:00:09', 'YYYY-MM-DD HH24:MI:SS'), null, 'LAYER_3', 'COMPLETE', 6542, 'LAYER3', '1', 'ANY', 'ANY', 'ANY'),
       (5431, TO_DATE('2018-06-20 23:00:09', 'YYYY-MM-DD HH24:MI:SS'), 'Probation Test', 1, TO_DATE('2018-05-21 23:00:09', 'YYYY-MM-DD HH24:MI:SS'), null, 'LAYER_3', 'COMPLETE', 6543, 'LAYER3', '1', 'ANY', 'ANY', 'ANY'),
       (5432, null, 'Probation Test', 1, TO_DATE('2018-05-20 23:00:09', 'YYYY-MM-DD HH24:MI:SS'), TO_DATE('2018-06-20 23:00:09', 'YYYY-MM-DD HH24:MI:SS'), 'LAYER_3', 'COMPLETE', 6543, 'LAYER3', '1', 'ANY', 'ANY', 'ANY'),
       (5433, null, 'Probation Test', 2, TO_DATE('2018-05-21 23:00:09', 'YYYY-MM-DD HH24:MI:SS'), TO_DATE('2018-06-20 23:00:09', 'YYYY-MM-DD HH24:MI:SS'), 'LAYER_3', 'OPEN', 6543, 'LAYER3', '1', 'ANY', 'ANY', 'ANY'),
       (5434, null, 'Probation Test', 2, TO_DATE('2018-05-22 23:00:09', 'YYYY-MM-DD HH24:MI:SS'), TO_DATE('2018-06-21 23:00:09', 'YYYY-MM-DD HH24:MI:SS'), 'LAYER_1', 'OPEN', 6543, 'LAYER1', '1', 'ANY', 'ANY', 'ANY');

-- Section 8 set to low score ind 'Y' for needs
INSERT INTO OASYS_SECTION (OASYS_SECTION_PK, OASYS_SET_PK, REF_ASS_VERSION_CODE, VERSION_NUMBER, REF_SECTION_CODE, SECTION_STATUS_ELM, SECTION_STATUS_CAT, MISSING_NOTIONAL_ELM, MISSING_NOTIONAL_CAT, SECT_OGP_WEIGHTED_SCORE, SECT_OTHER_WEIGHTED_SCORE, SECT_OVP_RAW_SCORE, SECT_OGP_RAW_SCORE, SECT_OVP_WEIGHTED_SCORE, SECT_OTHER_RAW_SCORE, LOW_SCORE_NEED_ATTN_IND, QA_REVIEW_PK, CURRENTLY_HIDDEN_IND, SECTION_PAGE_VISIBILITY, MIG_GUID, MIG_ID, CHECKSUM, CREATE_DATE, LASTUPD_DATE, CREATE_USER, LASTUPD_USER, OASYS_BCS_PART_PK) VALUES
(1078548, 5433, 'LAYER3', '1', '3', 'COMPLETE_LOCKED', 'SECTION_STATUS', null, null, 0, 0, 0, 0, 0, null, 'N', null, 'N', 0, null, null, '', TO_DATE('2019-07-26 10:39:03', 'YYYY-MM-DD HH24:MI:SS'), TO_DATE('2019-07-26 10:55:23', 'YYYY-MM-DD HH24:MI:SS'), 'PROBATION1', 'PROBATION1', null),
(1078556, 5433, 'LAYER3', '1', '11', 'COMPLETE_LOCKED', 'SECTION_STATUS', null, null, 0, 0, 0, 0, 0, null, 'N', null, 'N', 0, null, null, '', TO_DATE('2019-07-26 10:39:03', 'YYYY-MM-DD HH24:MI:SS'), TO_DATE('2019-07-26 10:55:23', 'YYYY-MM-DD HH24:MI:SS'), 'PROBATION1', 'PROBATION1', null),
(1078553, 5433, 'LAYER3', '1', '8', 'COMPLETE_LOCKED', 'SECTION_STATUS', null, null, 0, 0, null, 0, null, null, 'Y', null, 'N', 0, null, null, '', TO_DATE('2019-07-26 10:39:03', 'YYYY-MM-DD HH24:MI:SS'), TO_DATE('2019-07-26 10:55:23', 'YYYY-MM-DD HH24:MI:SS'), 'PROBATION1', 'PROBATION1', null),
(1078552, 5433, 'LAYER3', '1', '7', 'COMPLETE_LOCKED', 'SECTION_STATUS', null, null, 0, 0, null, 0, null, null, 'N', null, 'N', 0, null, null, '', TO_DATE('2019-07-26 10:39:03', 'YYYY-MM-DD HH24:MI:SS'), TO_DATE('2019-07-26 10:55:23', 'YYYY-MM-DD HH24:MI:SS'), 'PROBATION1', 'PROBATION1', null),
(1078549, 5433, 'LAYER3', '1', '4', 'COMPLETE_LOCKED', 'SECTION_STATUS', null, null, 0, 0, 0, 0, 0, null, 'N', null, 'N', 0, null, null, '', TO_DATE('2019-07-26 10:39:03', 'YYYY-MM-DD HH24:MI:SS'), TO_DATE('2019-07-26 10:55:23', 'YYYY-MM-DD HH24:MI:SS'), 'PROBATION1', 'PROBATION1', null),
(1078557, 5433, 'LAYER3', '1', '12', 'COMPLETE_LOCKED', 'SECTION_STATUS', null, null, 1, 2, 2, 2, 2, null, null, null, 'N', 0, null, null, '', TO_DATE('2019-07-26 10:39:03', 'YYYY-MM-DD HH24:MI:SS'), TO_DATE('2019-07-26 10:55:23', 'YYYY-MM-DD HH24:MI:SS'), 'PROBATION1', 'PROBATION1', null),
(1078546, 5433, 'LAYER3', '1', '1', 'COMPLETE_LOCKED', 'SECTION_STATUS', null, null, null, null, null, null, null, null, null, null, 'N', 0, null, null, '', TO_DATE('2019-07-26 10:39:03', 'YYYY-MM-DD HH24:MI:SS'), TO_DATE('2019-07-26 10:55:23', 'YYYY-MM-DD HH24:MI:SS'), 'PROBATION1', 'PROBATION1', null),
(1078547, 5433, 'LAYER3', '1', '2', 'COMPLETE_LOCKED', 'SECTION_STATUS', null, null, null, null, 0, null, 0, null, 'N', null, 'N', 0, null, null, '', TO_DATE('2019-07-26 10:39:03', 'YYYY-MM-DD HH24:MI:SS'), TO_DATE('2019-07-26 10:55:23', 'YYYY-MM-DD HH24:MI:SS'), 'PROBATION1', 'PROBATION1', null),
(1078550, 5433, 'LAYER3', '1', '5', 'COMPLETE_LOCKED', 'SECTION_STATUS', null, null, null, null, null, null, null, null, null, null, 'N', 0, null, null, '', TO_DATE('2019-07-26 10:39:03', 'YYYY-MM-DD HH24:MI:SS'), TO_DATE('2019-07-26 10:55:23', 'YYYY-MM-DD HH24:MI:SS'), 'PROBATION1', 'PROBATION1', null),
(1078551, 5433, 'LAYER3', '1', '6', 'COMPLETE_LOCKED', 'SECTION_STATUS', null, null, null, 0, null, null, null, 20, 'N', null, 'N', 0, null, null, '', TO_DATE('2019-07-26 10:39:03', 'YYYY-MM-DD HH24:MI:SS'), TO_DATE('2019-07-26 10:55:23', 'YYYY-MM-DD HH24:MI:SS'), 'PROBATION1', 'PROBATION1', null),
(1078554, 5433, 'LAYER3', '1', '9', 'COMPLETE_LOCKED', 'SECTION_STATUS', null, null, null, 0, 0, null, 0, null, 'N', null, 'N', 0, null, null, '', TO_DATE('2019-07-26 10:39:03', 'YYYY-MM-DD HH24:MI:SS'), TO_DATE('2019-07-26 10:55:23', 'YYYY-MM-DD HH24:MI:SS'), 'PROBATION1', 'PROBATION1', null),
(1078555, 5433, 'LAYER3', '1', '10', 'COMPLETE_LOCKED', 'SECTION_STATUS', null, null, null, null, 0, null, 0, null, null, null, 'N', 0, null, null, '', TO_DATE('2019-07-26 10:39:03', 'YYYY-MM-DD HH24:MI:SS'), TO_DATE('2019-07-26 10:55:23', 'YYYY-MM-DD HH24:MI:SS'), 'PROBATION1', 'PROBATION1', null),
(1078558, 5433, 'LAYER3', '1', '13', 'COMPLETE_LOCKED', 'SECTION_STATUS', null, null, null, null, null, null, null, null, null, null, 'N', 0, null, null, '', TO_DATE('2019-07-26 10:39:03', 'YYYY-MM-DD HH24:MI:SS'), TO_DATE('2019-07-26 10:55:23', 'YYYY-MM-DD HH24:MI:SS'), 'PROBATION1', 'PROBATION1', null),
(1078559, 5433, 'LAYER3', '1', 'SAQ', 'COMPLETE_LOCKED', 'SECTION_STATUS', null, null, null, null, null, null, null, null, null, null, 'N', 0, null, null, '', TO_DATE('2019-07-26 10:39:03', 'YYYY-MM-DD HH24:MI:SS'), TO_DATE('2019-07-26 10:55:23', 'YYYY-MM-DD HH24:MI:SS'), 'PROBATION1', 'PROBATION1', null),
(1078560, 5433, 'LAYER3', '1', 'ROSH', 'COMPLETE_LOCKED', 'SECTION_STATUS', null, null, null, null, null, null, null, null, null, null, 'N', 0, null, null, '', TO_DATE('2019-07-26 10:39:03', 'YYYY-MM-DD HH24:MI:SS'), TO_DATE('2019-07-26 10:55:23', 'YYYY-MM-DD HH24:MI:SS'), 'PROBATION1', 'PROBATION1', null),
(1078564, 5433, 'LAYER3', '1', 'SKILLSCHECKER', 'COMPLETE_LOCKED', 'SECTION_STATUS', null, null, null, null, null, null, null, null, null, null, 'N', 0, null, null, '', TO_DATE('2019-07-26 10:39:03', 'YYYY-MM-DD HH24:MI:SS'), TO_DATE('2019-07-26 10:55:23', 'YYYY-MM-DD HH24:MI:SS'), 'PROBATION1', 'PROBATION1', null),
(1078565, 5433, 'LAYER3', '1', 'PSRP', 'COMPLETE_LOCKED', 'SECTION_STATUS', null, null, null, null, null, null, null, null, null, null, 'N', 0, null, null, '', TO_DATE('2019-07-26 10:39:04', 'YYYY-MM-DD HH24:MI:SS'), TO_DATE('2019-07-26 10:55:23', 'YYYY-MM-DD HH24:MI:SS'), 'PROBATION1', 'PROBATION1', null);

INSERT INTO OASYS_QUESTION (OASYS_QUESTION_PK, ADDITIONAL_NOTE, OASYS_SECTION_PK, FREE_FORMAT_ANSWER, DISPLAY_SCORE, REF_ASS_VERSION_CODE, VERSION_NUMBER, REF_SECTION_CODE, REF_QUESTION_CODE, DISCLOSED_IND, CURRENTLY_HIDDEN_IND, MIG_GUID, MIG_ID, CHECKSUM, CREATE_DATE, CREATE_USER, LASTUPD_DATE, LASTUPD_USER) VALUES
(1347873, null, 1078548, null, null, 'LAYER3', '1', '3', '3.3', 'N', 'N', null, null, '', TO_DATE('2019-07-26 10:39:03', 'YYYY-MM-DD HH24:MI:SS'), 'PROBATION1', TO_DATE('2019-07-26 10:39:03', 'YYYY-MM-DD HH24:MI:SS'), 'PROBATION1'),
(1347874, null, 1078548, null, null, 'LAYER3', '1', '3', '3.4', 'N', 'N', null, null, '', TO_DATE('2019-07-26 10:39:03', 'YYYY-MM-DD HH24:MI:SS'), 'PROBATION1', TO_DATE('2019-07-26 10:39:03', 'YYYY-MM-DD HH24:MI:SS'), 'PROBATION1'),
(1347875, null, 1078548, null, null, 'LAYER3', '1', '3', '3.5', 'N', 'N', null, null, '', TO_DATE('2019-07-26 10:39:03', 'YYYY-MM-DD HH24:MI:SS'), 'PROBATION1', TO_DATE('2019-07-26 10:39:03', 'YYYY-MM-DD HH24:MI:SS'), 'PROBATION1'),
(1347876, null, 1078548, null, null, 'LAYER3', '1', '3', '3.6', 'N', 'N', null, null, '', TO_DATE('2019-07-26 10:39:03', 'YYYY-MM-DD HH24:MI:SS'), 'PROBATION1', TO_DATE('2019-07-26 10:39:03', 'YYYY-MM-DD HH24:MI:SS'), 'PROBATION1'),
(1347877, null, 1078548, null, null, 'LAYER3', '1', '3', '3.98', 'N', 'N', null, null, '', TO_DATE('2019-07-26 10:39:03', 'YYYY-MM-DD HH24:MI:SS'), 'PROBATION1', TO_DATE('2019-07-26 10:39:03', 'YYYY-MM-DD HH24:MI:SS'), 'PROBATION1'),
(1347878, null, 1078548, null, null, 'LAYER3', '1', '3', '3.99', 'N', 'N', null, null, '', TO_DATE('2019-07-26 10:39:03', 'YYYY-MM-DD HH24:MI:SS'), 'PROBATION1', TO_DATE('2019-07-26 10:39:03', 'YYYY-MM-DD HH24:MI:SS'), 'PROBATION1'),
(1347879, 'This is a test.  This is a test.', 1078548, null, null, 'LAYER3', '1', '3', '3.97', 'N', 'N', null, null, '', TO_DATE('2019-07-26 10:39:03', 'YYYY-MM-DD HH24:MI:SS'), 'PROBATION1', TO_DATE('2019-07-26 10:39:03', 'YYYY-MM-DD HH24:MI:SS'), 'PROBATION1'),

(1347934, null, 1078556, null, null, 'LAYER3', '1', '11', '11.1', 'N', 'N', null, null, '', TO_DATE('2019-07-26 10:39:03', 'YYYY-MM-DD HH24:MI:SS'), 'PROBATION1', TO_DATE('2019-07-26 10:39:03', 'YYYY-MM-DD HH24:MI:SS'), 'PROBATION1'),
(1347935, null, 1078556, null, null, 'LAYER3', '1', '11', '11.2', 'N', 'N', null, null, '', TO_DATE('2019-07-26 10:39:03', 'YYYY-MM-DD HH24:MI:SS'), 'PROBATION1', TO_DATE('2019-07-26 10:39:03', 'YYYY-MM-DD HH24:MI:SS'), 'PROBATION1'),
(1347936, null, 1078556, null, null, 'LAYER3', '1', '11', '11.3', 'N', 'N', null, null, '', TO_DATE('2019-07-26 10:39:03', 'YYYY-MM-DD HH24:MI:SS'), 'PROBATION1', TO_DATE('2019-07-26 10:39:03', 'YYYY-MM-DD HH24:MI:SS'), 'PROBATION1'),
(1347937, null, 1078556, null, null, 'LAYER3', '1', '11', '11.4', 'N', 'N', null, null, '', TO_DATE('2019-07-26 10:39:03', 'YYYY-MM-DD HH24:MI:SS'), 'PROBATION1', TO_DATE('2019-07-26 10:39:03', 'YYYY-MM-DD HH24:MI:SS'), 'PROBATION1'),
(1347938, null, 1078556, null, null, 'LAYER3', '1', '11', '11.5', 'N', 'N', null, null, '', TO_DATE('2019-07-26 10:39:03', 'YYYY-MM-DD HH24:MI:SS'), 'PROBATION1', TO_DATE('2019-07-26 10:39:03', 'YYYY-MM-DD HH24:MI:SS'), 'PROBATION1'),
(1347939, null, 1078556, null, null, 'LAYER3', '1', '11', '11.6', 'N', 'N', null, null, '', TO_DATE('2019-07-26 10:39:03', 'YYYY-MM-DD HH24:MI:SS'), 'PROBATION1', TO_DATE('2019-07-26 10:39:03', 'YYYY-MM-DD HH24:MI:SS'), 'PROBATION1'),
(1347940, null, 1078556, null, null, 'LAYER3', '1', '11', '11.7', 'N', 'N', null, null, '', TO_DATE('2019-07-26 10:39:03', 'YYYY-MM-DD HH24:MI:SS'), 'PROBATION1', TO_DATE('2019-07-26 10:39:03', 'YYYY-MM-DD HH24:MI:SS'), 'PROBATION1'),
(1347941, null, 1078556, null, null, 'LAYER3', '1', '11', '11.8', 'N', 'N', null, null, '', TO_DATE('2019-07-26 10:39:03', 'YYYY-MM-DD HH24:MI:SS'), 'PROBATION1', TO_DATE('2019-07-26 10:39:03', 'YYYY-MM-DD HH24:MI:SS'), 'PROBATION1'),
(1347942, null, 1078556, null, null, 'LAYER3', '1', '11', '11.9', 'N', 'N', null, null, '', TO_DATE('2019-07-26 10:39:03', 'YYYY-MM-DD HH24:MI:SS'), 'PROBATION1', TO_DATE('2019-07-26 10:39:03', 'YYYY-MM-DD HH24:MI:SS'), 'PROBATION1'),
(1347943, null, 1078556, null, null, 'LAYER3', '1', '11', '11.10', 'N', 'N', null, null, '', TO_DATE('2019-07-26 10:39:03', 'YYYY-MM-DD HH24:MI:SS'), 'PROBATION1', TO_DATE('2019-07-26 10:39:03', 'YYYY-MM-DD HH24:MI:SS'), 'PROBATION1'),
(1347944, null, 1078556, null, null, 'LAYER3', '1', '11', '11.98', 'N', 'N', null, null, '', TO_DATE('2019-07-26 10:39:03', 'YYYY-MM-DD HH24:MI:SS'), 'PROBATION1', TO_DATE('2019-07-26 10:39:03', 'YYYY-MM-DD HH24:MI:SS'), 'PROBATION1'),
(1347945, null, 1078556, null, null, 'LAYER3', '1', '11', '11.99', 'N', 'N', null, null, '', TO_DATE('2019-07-26 10:39:03', 'YYYY-MM-DD HH24:MI:SS'), 'PROBATION1', TO_DATE('2019-07-26 10:39:03', 'YYYY-MM-DD HH24:MI:SS'), 'PROBATION1'),
(1347946, 'This is a test.', 1078556, null, null, 'LAYER3', '1', '11', '11.97', 'N', 'N', null, null, '', TO_DATE('2019-07-26 10:39:03', 'YYYY-MM-DD HH24:MI:SS'), 'PROBATION1', TO_DATE('2019-07-26 10:39:03', 'YYYY-MM-DD HH24:MI:SS'), 'PROBATION1'),

(1347917, null, 1078553, null, null, 'LAYER3', '1', '8', '8.1', 'N', 'N', null, null, '', TO_DATE('2019-07-26 10:39:03', 'YYYY-MM-DD HH24:MI:SS'), 'PROBATION1', TO_DATE('2019-07-26 10:39:03', 'YYYY-MM-DD HH24:MI:SS'), 'PROBATION1'),

(1347910, null, 1078552, null, null, 'LAYER3', '1', '7', '7.2', 'N', 'N', null, null, '', TO_DATE('2019-07-26 10:39:03', 'YYYY-MM-DD HH24:MI:SS'), 'PROBATION1', TO_DATE('2019-07-26 10:39:03', 'YYYY-MM-DD HH24:MI:SS'), 'PROBATION1'),
(1347911, null, 1078552, null, null, 'LAYER3', '1', '7', '7.3', 'N', 'N', null, null, '', TO_DATE('2019-07-26 10:39:03', 'YYYY-MM-DD HH24:MI:SS'), 'PROBATION1', TO_DATE('2019-07-26 10:39:03', 'YYYY-MM-DD HH24:MI:SS'), 'PROBATION1'),
(1347912, null, 1078552, null, null, 'LAYER3', '1', '7', '7.4', 'N', 'N', null, null, '', TO_DATE('2019-07-26 10:39:03', 'YYYY-MM-DD HH24:MI:SS'), 'PROBATION1', TO_DATE('2019-07-26 10:39:03', 'YYYY-MM-DD HH24:MI:SS'), 'PROBATION1'),
(1347913, null, 1078552, null, null, 'LAYER3', '1', '7', '7.5', 'N', 'N', null, null, '', TO_DATE('2019-07-26 10:39:03', 'YYYY-MM-DD HH24:MI:SS'), 'PROBATION1', TO_DATE('2019-07-26 10:39:03', 'YYYY-MM-DD HH24:MI:SS'), 'PROBATION1'),
(1347914, null, 1078552, null, null, 'LAYER3', '1', '7', '7.98', 'N', 'N', null, null, '', TO_DATE('2019-07-26 10:39:03', 'YYYY-MM-DD HH24:MI:SS'), 'PROBATION1', TO_DATE('2019-07-26 10:39:03', 'YYYY-MM-DD HH24:MI:SS'), 'PROBATION1'),
(1347915, null, 1078552, null, null, 'LAYER3', '1', '7', '7.99', 'N', 'N', null, null, '', TO_DATE('2019-07-26 10:39:03', 'YYYY-MM-DD HH24:MI:SS'), 'PROBATION1', TO_DATE('2019-07-26 10:39:03', 'YYYY-MM-DD HH24:MI:SS'), 'PROBATION1'),
(1347916, 'This is a test.', 1078552, null, null, 'LAYER3', '1', '7', '7.97', 'N', 'N', null, null, '', TO_DATE('2019-07-26 10:39:03', 'YYYY-MM-DD HH24:MI:SS'), 'PROBATION1', TO_DATE('2019-07-26 10:39:03', 'YYYY-MM-DD HH24:MI:SS'), 'PROBATION1'),

(1347880, null, 1078549, null, null, 'LAYER3', '1', '4', '4.2', 'N', 'N', null, null, '', TO_DATE('2019-07-26 10:39:03', 'YYYY-MM-DD HH24:MI:SS'), 'PROBATION1', TO_DATE('2019-07-26 10:39:03', 'YYYY-MM-DD HH24:MI:SS'), 'PROBATION1'),
(1347881, null, 1078549, null, null, 'LAYER3', '1', '4', '4.3', 'N', 'N', null, null, '', TO_DATE('2019-07-26 10:39:03', 'YYYY-MM-DD HH24:MI:SS'), 'PROBATION1', TO_DATE('2019-07-26 10:39:03', 'YYYY-MM-DD HH24:MI:SS'), 'PROBATION1'),
(1347882, null, 1078549, null, null, 'LAYER3', '1', '4', '4.4', 'N', 'N', null, null, '', TO_DATE('2019-07-26 10:39:03', 'YYYY-MM-DD HH24:MI:SS'), 'PROBATION1', TO_DATE('2019-07-26 10:39:03', 'YYYY-MM-DD HH24:MI:SS'), 'PROBATION1'),
(1347883, null, 1078549, null, null, 'LAYER3', '1', '4', '4.5', 'N', 'N', null, null, '', TO_DATE('2019-07-26 10:39:03', 'YYYY-MM-DD HH24:MI:SS'), 'PROBATION1', TO_DATE('2019-07-26 10:39:03', 'YYYY-MM-DD HH24:MI:SS'), 'PROBATION1'),
(1347884, null, 1078549, null, null, 'LAYER3', '1', '4', '4.6', 'N', 'N', null, null, '', TO_DATE('2019-07-26 10:39:03', 'YYYY-MM-DD HH24:MI:SS'), 'PROBATION1', TO_DATE('2019-07-26 10:39:03', 'YYYY-MM-DD HH24:MI:SS'), 'PROBATION1'),
(1347885, null, 1078549, null, null, 'LAYER3', '1', '4', '4.7', 'N', 'N', null, null, '', TO_DATE('2019-07-26 10:39:03', 'YYYY-MM-DD HH24:MI:SS'), 'PROBATION1', TO_DATE('2019-07-26 10:39:03', 'YYYY-MM-DD HH24:MI:SS'), 'PROBATION1'),
(1347886, null, 1078549, null, null, 'LAYER3', '1', '4', '4.8', 'N', 'N', null, null, '', TO_DATE('2019-07-26 10:39:03', 'YYYY-MM-DD HH24:MI:SS'), 'PROBATION1', TO_DATE('2019-07-26 10:39:03', 'YYYY-MM-DD HH24:MI:SS'), 'PROBATION1'),
(1347887, null, 1078549, null, null, 'LAYER3', '1', '4', '4.9', 'N', 'N', null, null, '', TO_DATE('2019-07-26 10:39:03', 'YYYY-MM-DD HH24:MI:SS'), 'PROBATION1', TO_DATE('2019-07-26 10:39:03', 'YYYY-MM-DD HH24:MI:SS'), 'PROBATION1'),
(1347888, null, 1078549, null, null, 'LAYER3', '1', '4', '4.10', 'N', 'N', null, null, '', TO_DATE('2019-07-26 10:39:03', 'YYYY-MM-DD HH24:MI:SS'), 'PROBATION1', TO_DATE('2019-07-26 10:39:03', 'YYYY-MM-DD HH24:MI:SS'), 'PROBATION1'),
(1347889, null, 1078549, null, null, 'LAYER3', '1', '4', '4.96', 'N', 'N', null, null, '', TO_DATE('2019-07-26 10:39:03', 'YYYY-MM-DD HH24:MI:SS'), 'PROBATION1', TO_DATE('2019-07-26 10:39:03', 'YYYY-MM-DD HH24:MI:SS'), 'PROBATION1'),
(1347890, null, 1078549, null, null, 'LAYER3', '1', '4', '4.98', 'N', 'N', null, null, '', TO_DATE('2019-07-26 10:39:03', 'YYYY-MM-DD HH24:MI:SS'), 'PROBATION1', TO_DATE('2019-07-26 10:39:03', 'YYYY-MM-DD HH24:MI:SS'), 'PROBATION1'),
(1347891, 'This is a test.', 1078549, null, null, 'LAYER3', '1', '4', '4.94', 'N', 'N', null, null, '', TO_DATE('2019-07-26 10:39:03', 'YYYY-MM-DD HH24:MI:SS'), 'PROBATION1', TO_DATE('2019-07-26 10:39:03', 'YYYY-MM-DD HH24:MI:SS'), 'PROBATION1'),

(1347947, null, 1078557, null, null, 'LAYER3', '1', '12', '12.1', 'N', 'N', null, null, '', TO_DATE('2019-07-26 10:39:03', 'YYYY-MM-DD HH24:MI:SS'), 'PROBATION1', TO_DATE('2019-07-26 10:39:03', 'YYYY-MM-DD HH24:MI:SS'), 'PROBATION1'),
(1347948, null, 1078557, null, null, 'LAYER3', '1', '12', '12.3', 'N', 'N', null, null, '', TO_DATE('2019-07-26 10:39:03', 'YYYY-MM-DD HH24:MI:SS'), 'PROBATION1', TO_DATE('2019-07-26 10:39:03', 'YYYY-MM-DD HH24:MI:SS'), 'PROBATION1'),
(1347949, null, 1078557, null, null, 'LAYER3', '1', '12', '12.4', 'N', 'N', null, null, '', TO_DATE('2019-07-26 10:39:03', 'YYYY-MM-DD HH24:MI:SS'), 'PROBATION1', TO_DATE('2019-07-26 10:39:03', 'YYYY-MM-DD HH24:MI:SS'), 'PROBATION1'),
(1347950, null, 1078557, null, null, 'LAYER3', '1', '12', '12.5', 'N', 'N', null, null, '', TO_DATE('2019-07-26 10:39:03', 'YYYY-MM-DD HH24:MI:SS'), 'PROBATION1', TO_DATE('2019-07-26 10:39:03', 'YYYY-MM-DD HH24:MI:SS'), 'PROBATION1'),
(1347951, null, 1078557, null, null, 'LAYER3', '1', '12', '12.6', 'N', 'N', null, null, '', TO_DATE('2019-07-26 10:39:03', 'YYYY-MM-DD HH24:MI:SS'), 'PROBATION1', TO_DATE('2019-07-26 10:39:03', 'YYYY-MM-DD HH24:MI:SS'), 'PROBATION1'),
(1347952, null, 1078557, null, null, 'LAYER3', '1', '12', '12.8', 'N', 'N', null, null, '', TO_DATE('2019-07-26 10:39:03', 'YYYY-MM-DD HH24:MI:SS'), 'PROBATION1', TO_DATE('2019-07-26 10:39:03', 'YYYY-MM-DD HH24:MI:SS'), 'PROBATION1'),
(1347953, null, 1078557, null, null, 'LAYER3', '1', '12', '12.98', 'N', 'N', null, null, '', TO_DATE('2019-07-26 10:39:03', 'YYYY-MM-DD HH24:MI:SS'), 'PROBATION1', TO_DATE('2019-07-26 10:39:03', 'YYYY-MM-DD HH24:MI:SS'), 'PROBATION1'),
(1347954, null, 1078557, null, null, 'LAYER3', '1', '12', '12.99', 'N', 'N', null, null, '', TO_DATE('2019-07-26 10:39:03', 'YYYY-MM-DD HH24:MI:SS'), 'PROBATION1', TO_DATE('2019-07-26 10:39:03', 'YYYY-MM-DD HH24:MI:SS'), 'PROBATION1'),
(1347955, 'This is a test.', 1078557, null, null, 'LAYER3', '1', '12', '12.97', 'N', 'N', null, null, '', TO_DATE('2019-07-26 10:39:03', 'YYYY-MM-DD HH24:MI:SS'), 'PROBATION1', TO_DATE('2019-07-26 10:39:03', 'YYYY-MM-DD HH24:MI:SS'), 'PROBATION1'),

(1347847, null, 1078546, null, null, 'LAYER3', '1', '1', '1.5.1', 'N', 'N', null, null, '', TO_DATE('2019-07-26 10:39:03', 'YYYY-MM-DD HH24:MI:SS'), 'PROBATION1', TO_DATE('2019-07-26 10:39:03', 'YYYY-MM-DD HH24:MI:SS'), 'PROBATION1'),
(1347848, null, 1078546, null, null, 'LAYER3', '1', '1', '1.6.1', 'N', 'N', null, null, '', TO_DATE('2019-07-26 10:39:03', 'YYYY-MM-DD HH24:MI:SS'), 'PROBATION1', TO_DATE('2019-07-26 10:39:03', 'YYYY-MM-DD HH24:MI:SS'), 'PROBATION1'),
(1347849, null, 1078546, null, null, 'LAYER3', '1', '1', '1.7.1', 'N', 'N', null, null, '', TO_DATE('2019-07-26 10:39:03', 'YYYY-MM-DD HH24:MI:SS'), 'PROBATION1', TO_DATE('2019-07-26 10:39:03', 'YYYY-MM-DD HH24:MI:SS'), 'PROBATION1'),
(1347850, null, 1078546, null, null, 'LAYER3', '1', '1', '1.8.1', 'N', 'N', null, null, '', TO_DATE('2019-07-26 10:39:03', 'YYYY-MM-DD HH24:MI:SS'), 'PROBATION1', TO_DATE('2019-07-26 10:39:03', 'YYYY-MM-DD HH24:MI:SS'), 'PROBATION1'),
(1347851, null, 1078546, '4', null, 'LAYER3', '1', '1', '1.5', 'N', 'N', null, null, '', TO_DATE('2019-07-26 10:39:03', 'YYYY-MM-DD HH24:MI:SS'), 'PROBATION1', TO_DATE('2019-07-26 10:39:03', 'YYYY-MM-DD HH24:MI:SS'), 'PROBATION1'),
(1347852, null, 1078546, '4', null, 'LAYER3', '1', '1', '1.6', 'N', 'N', null, null, '', TO_DATE('2019-07-26 10:39:03', 'YYYY-MM-DD HH24:MI:SS'), 'PROBATION1', TO_DATE('2019-07-26 10:39:03', 'YYYY-MM-DD HH24:MI:SS'), 'PROBATION1'),
(1347853, null, 1078546, '15', null, 'LAYER3', '1', '1', '1.7', 'N', 'N', null, null, '', TO_DATE('2019-07-26 10:39:03', 'YYYY-MM-DD HH24:MI:SS'), 'PROBATION1', TO_DATE('2019-07-26 10:39:03', 'YYYY-MM-DD HH24:MI:SS'), 'PROBATION1'),
(1347854, null, 1078546, '12', null, 'LAYER3', '1', '1', '1.8', 'N', 'N', null, null, '', TO_DATE('2019-07-26 10:39:03', 'YYYY-MM-DD HH24:MI:SS'), 'PROBATION1', TO_DATE('2019-07-26 10:39:03', 'YYYY-MM-DD HH24:MI:SS'), 'PROBATION1'),
(1347855, null, 1078546, '2', null, 'LAYER3', '1', '1', '1.24', 'N', 'N', null, null, '', TO_DATE('2019-07-26 10:39:03', 'YYYY-MM-DD HH24:MI:SS'), 'PROBATION1', TO_DATE('2019-07-26 10:39:03', 'YYYY-MM-DD HH24:MI:SS'), 'PROBATION1'),
(1347856, null, 1078546, '0', null, 'LAYER3', '1', '1', '1.26', 'N', 'N', null, null, '', TO_DATE('2019-07-26 10:39:03', 'YYYY-MM-DD HH24:MI:SS'), 'PROBATION1', TO_DATE('2019-07-26 10:39:03', 'YYYY-MM-DD HH24:MI:SS'), 'PROBATION1'),
(1347857, null, 1078546, '0', null, 'LAYER3', '1', '1', 'S1.54', 'N', 'N', null, null, '', TO_DATE('2019-07-26 10:39:03', 'YYYY-MM-DD HH24:MI:SS'), 'PROBATION1', TO_DATE('2019-07-26 10:39:03', 'YYYY-MM-DD HH24:MI:SS'), 'PROBATION1'),

(1347858, null, 1078547, null, null, 'LAYER3', '1', '2', '2.11', 'N', 'N', null, null, '', TO_DATE('2019-07-26 10:39:03', 'YYYY-MM-DD HH24:MI:SS'), 'PROBATION1', TO_DATE('2019-07-26 10:39:03', 'YYYY-MM-DD HH24:MI:SS'), 'PROBATION1'),
(1347859, null, 1078547, null, null, 'LAYER3', '1', '2', '2.13', 'N', 'N', null, null, '', TO_DATE('2019-07-26 10:39:03', 'YYYY-MM-DD HH24:MI:SS'), 'PROBATION1', TO_DATE('2019-07-26 10:39:03', 'YYYY-MM-DD HH24:MI:SS'), 'PROBATION1'),
(1347860, null, 1078547, null, null, 'LAYER3', '1', '2', '2.14', 'N', 'N', null, null, '', TO_DATE('2019-07-26 10:39:03', 'YYYY-MM-DD HH24:MI:SS'), 'PROBATION1', TO_DATE('2019-07-26 10:39:03', 'YYYY-MM-DD HH24:MI:SS'), 'PROBATION1'),
(1347861, null, 1078547, null, null, 'LAYER3', '1', '2', '2.99', 'N', 'N', null, null, '', TO_DATE('2019-07-26 10:39:03', 'YYYY-MM-DD HH24:MI:SS'), 'PROBATION1', TO_DATE('2019-07-26 10:39:03', 'YYYY-MM-DD HH24:MI:SS'), 'PROBATION1'),
(1347862, 'This is a test.', 1078547, null, null, 'LAYER3', '1', '2', '2.1', 'N', 'N', null, null, '', TO_DATE('2019-07-26 10:39:03', 'YYYY-MM-DD HH24:MI:SS'), 'PROBATION1', TO_DATE('2019-07-26 10:39:03', 'YYYY-MM-DD HH24:MI:SS'), 'PROBATION1'),
(1347863, null, 1078547, null, null, 'LAYER3', '1', '2', '2.4.2', 'N', 'N', null, null, '', TO_DATE('2019-07-26 10:39:03', 'YYYY-MM-DD HH24:MI:SS'), 'PROBATION1', TO_DATE('2019-07-26 10:39:03', 'YYYY-MM-DD HH24:MI:SS'), 'PROBATION1'),
(1347864, null, 1078547, null, null, 'LAYER3', '1', '2', '2.4.1', 'N', 'N', null, null, '', TO_DATE('2019-07-26 10:39:03', 'YYYY-MM-DD HH24:MI:SS'), 'PROBATION1', TO_DATE('2019-07-26 10:39:03', 'YYYY-MM-DD HH24:MI:SS'), 'PROBATION1'),
(1347865, 'This is a test. ', 1078547, null, null, 'LAYER3', '1', '2', '2.8', 'N', 'N', null, null, '', TO_DATE('2019-07-26 10:39:03', 'YYYY-MM-DD HH24:MI:SS'), 'PROBATION1', TO_DATE('2019-07-26 10:39:03', 'YYYY-MM-DD HH24:MI:SS'), 'PROBATION1'),
(1347866, 'This is a test.', 1078547, null, null, 'LAYER3', '1', '2', '2.11.t', 'N', 'N', null, null, '', TO_DATE('2019-07-26 10:39:03', 'YYYY-MM-DD HH24:MI:SS'), 'PROBATION1', TO_DATE('2019-07-26 10:39:03', 'YYYY-MM-DD HH24:MI:SS'), 'PROBATION1'),
(1347867, 'This is a test.', 1078547, null, null, 'LAYER3', '1', '2', '2.12', 'N', 'N', null, null, '', TO_DATE('2019-07-26 10:39:03', 'YYYY-MM-DD HH24:MI:SS'), 'PROBATION1', TO_DATE('2019-07-26 10:39:03', 'YYYY-MM-DD HH24:MI:SS'), 'PROBATION1'),
(1347868, 'This is a test.', 1078547, null, null, 'LAYER3', '1', '2', '2.98', 'N', 'N', null, null, '', TO_DATE('2019-07-26 10:39:03', 'YYYY-MM-DD HH24:MI:SS'), 'PROBATION1', TO_DATE('2019-07-26 10:39:03', 'YYYY-MM-DD HH24:MI:SS'), 'PROBATION1'),
(1347869, null, 1078547, null, null, 'LAYER3', '1', '2', '2.6', 'N', 'N', null, null, '', TO_DATE('2019-07-26 10:39:03', 'YYYY-MM-DD HH24:MI:SS'), 'PROBATION1', TO_DATE('2019-07-26 10:39:03', 'YYYY-MM-DD HH24:MI:SS'), 'PROBATION1'),
(1347870, null, 1078547, null, null, 'LAYER3', '1', '2', '2.7', 'N', 'N', null, null, '', TO_DATE('2019-07-26 10:39:03', 'YYYY-MM-DD HH24:MI:SS'), 'PROBATION1', TO_DATE('2019-07-26 10:39:03', 'YYYY-MM-DD HH24:MI:SS'), 'PROBATION1'),
(1347871, null, 1078547, null, null, 'LAYER3', '1', '2', '2.7.2', 'N', 'N', null, null, '', TO_DATE('2019-07-26 10:39:03', 'YYYY-MM-DD HH24:MI:SS'), 'PROBATION1', TO_DATE('2019-07-26 10:39:03', 'YYYY-MM-DD HH24:MI:SS'), 'PROBATION1'),
(1347872, null, 1078547, null, null, 'LAYER3', '1', '2', '2.9', 'N', 'N', null, null, '', TO_DATE('2019-07-26 10:39:03', 'YYYY-MM-DD HH24:MI:SS'), 'PROBATION1', TO_DATE('2019-07-26 10:39:03', 'YYYY-MM-DD HH24:MI:SS'), 'PROBATION1'),

(1347892, null, 1078550, null, null, 'LAYER3', '1', '5', '5.2', 'N', 'N', null, null, '', TO_DATE('2019-07-26 10:39:03', 'YYYY-MM-DD HH24:MI:SS'), 'PROBATION1', TO_DATE('2019-07-26 10:39:03', 'YYYY-MM-DD HH24:MI:SS'), 'PROBATION1'),
(1347893, null, 1078550, null, null, 'LAYER3', '1', '5', '5.3', 'N', 'N', null, null, '', TO_DATE('2019-07-26 10:39:03', 'YYYY-MM-DD HH24:MI:SS'), 'PROBATION1', TO_DATE('2019-07-26 10:39:03', 'YYYY-MM-DD HH24:MI:SS'), 'PROBATION1'),
(1347894, null, 1078550, null, null, 'LAYER3', '1', '5', '5.4', 'N', 'N', null, null, '', TO_DATE('2019-07-26 10:39:03', 'YYYY-MM-DD HH24:MI:SS'), 'PROBATION1', TO_DATE('2019-07-26 10:39:03', 'YYYY-MM-DD HH24:MI:SS'), 'PROBATION1'),
(1347895, null, 1078550, null, null, 'LAYER3', '1', '5', '5.5', 'N', 'N', null, null, '', TO_DATE('2019-07-26 10:39:03', 'YYYY-MM-DD HH24:MI:SS'), 'PROBATION1', TO_DATE('2019-07-26 10:39:03', 'YYYY-MM-DD HH24:MI:SS'), 'PROBATION1'),
(1347896, null, 1078550, null, null, 'LAYER3', '1', '5', '5.6', 'N', 'N', null, null, '', TO_DATE('2019-07-26 10:39:03', 'YYYY-MM-DD HH24:MI:SS'), 'PROBATION1', TO_DATE('2019-07-26 10:39:03', 'YYYY-MM-DD HH24:MI:SS'), 'PROBATION1'),
(1347897, null, 1078550, null, null, 'LAYER3', '1', '5', '5.98', 'N', 'N', null, null, '', TO_DATE('2019-07-26 10:39:03', 'YYYY-MM-DD HH24:MI:SS'), 'PROBATION1', TO_DATE('2019-07-26 10:39:03', 'YYYY-MM-DD HH24:MI:SS'), 'PROBATION1'),
(1347898, null, 1078550, null, null, 'LAYER3', '1', '5', '5.99', 'N', 'N', null, null, '', TO_DATE('2019-07-26 10:39:03', 'YYYY-MM-DD HH24:MI:SS'), 'PROBATION1', TO_DATE('2019-07-26 10:39:03', 'YYYY-MM-DD HH24:MI:SS'), 'PROBATION1'),
(1347899, 'This is a test.', 1078550, null, null, 'LAYER3', '1', '5', '5.97', 'N', 'N', null, null, '', TO_DATE('2019-07-26 10:39:03', 'YYYY-MM-DD HH24:MI:SS'), 'PROBATION1', TO_DATE('2019-07-26 10:39:03', 'YYYY-MM-DD HH24:MI:SS'), 'PROBATION1'),

(1347900, null, 1078551, null, null, 'LAYER3', '1', '6', '6.1', 'N', 'N', null, null, '', TO_DATE('2019-07-26 10:39:03', 'YYYY-MM-DD HH24:MI:SS'), 'PROBATION1', TO_DATE('2019-07-26 10:39:03', 'YYYY-MM-DD HH24:MI:SS'), 'PROBATION1'),
(1347901, null, 1078551, null, null, 'LAYER3', '1', '6', '6.3', 'N', 'N', null, null, '', TO_DATE('2019-07-26 10:39:03', 'YYYY-MM-DD HH24:MI:SS'), 'PROBATION1', TO_DATE('2019-07-26 10:39:03', 'YYYY-MM-DD HH24:MI:SS'), 'PROBATION1'),
(1347902, null, 1078551, null, null, 'LAYER3', '1', '6', '6.8', 'N', 'N', null, null, '', TO_DATE('2019-07-26 10:39:03', 'YYYY-MM-DD HH24:MI:SS'), 'PROBATION1', TO_DATE('2019-07-26 10:39:03', 'YYYY-MM-DD HH24:MI:SS'), 'PROBATION1'),
(1347903, null, 1078551, null, null, 'LAYER3', '1', '6', '6.4', 'N', 'N', null, null, '', TO_DATE('2019-07-26 10:39:03', 'YYYY-MM-DD HH24:MI:SS'), 'PROBATION1', TO_DATE('2019-07-26 10:39:03', 'YYYY-MM-DD HH24:MI:SS'), 'PROBATION1'),
(1347904, null, 1078551, null, null, 'LAYER3', '1', '6', '6.6', 'N', 'N', null, null, '', TO_DATE('2019-07-26 10:39:03', 'YYYY-MM-DD HH24:MI:SS'), 'PROBATION1', TO_DATE('2019-07-26 10:39:03', 'YYYY-MM-DD HH24:MI:SS'), 'PROBATION1'),
(1347905, null, 1078551, null, null, 'LAYER3', '1', '6', '6.7', 'N', 'N', null, null, '', TO_DATE('2019-07-26 10:39:03', 'YYYY-MM-DD HH24:MI:SS'), 'PROBATION1', TO_DATE('2019-07-26 10:39:03', 'YYYY-MM-DD HH24:MI:SS'), 'PROBATION1'),
(1347906, null, 1078551, null, null, 'LAYER3', '1', '6', '6.9', 'N', 'N', null, null, '', TO_DATE('2019-07-26 10:39:03', 'YYYY-MM-DD HH24:MI:SS'), 'PROBATION1', TO_DATE('2019-07-26 10:39:03', 'YYYY-MM-DD HH24:MI:SS'), 'PROBATION1'),
(1347907, null, 1078551, null, null, 'LAYER3', '1', '6', '6.98', 'N', 'N', null, null, '', TO_DATE('2019-07-26 10:39:03', 'YYYY-MM-DD HH24:MI:SS'), 'PROBATION1', TO_DATE('2019-07-26 10:39:03', 'YYYY-MM-DD HH24:MI:SS'), 'PROBATION1'),
(1347908, null, 1078551, null, null, 'LAYER3', '1', '6', '6.99', 'N', 'N', null, null, '', TO_DATE('2019-07-26 10:39:03', 'YYYY-MM-DD HH24:MI:SS'), 'PROBATION1', TO_DATE('2019-07-26 10:39:03', 'YYYY-MM-DD HH24:MI:SS'), 'PROBATION1'),
(1347909, 'This is a test.', 1078551, null, null, 'LAYER3', '1', '6', '6.97', 'N', 'N', null, null, '', TO_DATE('2019-07-26 10:39:03', 'YYYY-MM-DD HH24:MI:SS'), 'PROBATION1', TO_DATE('2019-07-26 10:39:03', 'YYYY-MM-DD HH24:MI:SS'), 'PROBATION1'),

(1347918, null, 1078554, null, null, 'LAYER3', '1', '9', '9.1', 'N', 'N', null, null, '', TO_DATE('2019-07-26 10:39:03', 'YYYY-MM-DD HH24:MI:SS'), 'PROBATION1', TO_DATE('2019-07-26 10:39:03', 'YYYY-MM-DD HH24:MI:SS'), 'PROBATION1'),
(1347919, null, 1078554, null, null, 'LAYER3', '1', '9', '9.2', 'N', 'N', null, null, '', TO_DATE('2019-07-26 10:39:03', 'YYYY-MM-DD HH24:MI:SS'), 'PROBATION1', TO_DATE('2019-07-26 10:39:03', 'YYYY-MM-DD HH24:MI:SS'), 'PROBATION1'),
(1347920, null, 1078554, null, null, 'LAYER3', '1', '9', '9.3', 'N', 'N', null, null, '', TO_DATE('2019-07-26 10:39:03', 'YYYY-MM-DD HH24:MI:SS'), 'PROBATION1', TO_DATE('2019-07-26 10:39:03', 'YYYY-MM-DD HH24:MI:SS'), 'PROBATION1'),
(1347921, null, 1078554, null, null, 'LAYER3', '1', '9', '9.98', 'N', 'N', null, null, '', TO_DATE('2019-07-26 10:39:03', 'YYYY-MM-DD HH24:MI:SS'), 'PROBATION1', TO_DATE('2019-07-26 10:39:03', 'YYYY-MM-DD HH24:MI:SS'), 'PROBATION1'),
(1347922, null, 1078554, null, null, 'LAYER3', '1', '9', '9.99', 'N', 'N', null, null, '', TO_DATE('2019-07-26 10:39:03', 'YYYY-MM-DD HH24:MI:SS'), 'PROBATION1', TO_DATE('2019-07-26 10:39:03', 'YYYY-MM-DD HH24:MI:SS'), 'PROBATION1'),
(1347923, 'This is a test.', 1078554, null, null, 'LAYER3', '1', '9', '9.97', 'N', 'N', null, null, '', TO_DATE('2019-07-26 10:39:03', 'YYYY-MM-DD HH24:MI:SS'), 'PROBATION1', TO_DATE('2019-07-26 10:39:03', 'YYYY-MM-DD HH24:MI:SS'), 'PROBATION1'),

(1347924, null, 1078555, null, null, 'LAYER3', '1', '10', '10.1', 'N', 'N', null, null, '', TO_DATE('2019-07-26 10:39:03', 'YYYY-MM-DD HH24:MI:SS'), 'PROBATION1', TO_DATE('2019-07-26 10:39:03', 'YYYY-MM-DD HH24:MI:SS'), 'PROBATION1'),
(1347925, null, 1078555, null, null, 'LAYER3', '1', '10', '10.2', 'N', 'N', null, null, '', TO_DATE('2019-07-26 10:39:03', 'YYYY-MM-DD HH24:MI:SS'), 'PROBATION1', TO_DATE('2019-07-26 10:39:03', 'YYYY-MM-DD HH24:MI:SS'), 'PROBATION1'),
(1347926, null, 1078555, null, null, 'LAYER3', '1', '10', '10.3', 'N', 'N', null, null, '', TO_DATE('2019-07-26 10:39:03', 'YYYY-MM-DD HH24:MI:SS'), 'PROBATION1', TO_DATE('2019-07-26 10:39:03', 'YYYY-MM-DD HH24:MI:SS'), 'PROBATION1'),
(1347927, null, 1078555, null, null, 'LAYER3', '1', '10', '10.4', 'N', 'N', null, null, '', TO_DATE('2019-07-26 10:39:03', 'YYYY-MM-DD HH24:MI:SS'), 'PROBATION1', TO_DATE('2019-07-26 10:39:03', 'YYYY-MM-DD HH24:MI:SS'), 'PROBATION1'),
(1347928, null, 1078555, null, null, 'LAYER3', '1', '10', '10.5', 'N', 'N', null, null, '', TO_DATE('2019-07-26 10:39:03', 'YYYY-MM-DD HH24:MI:SS'), 'PROBATION1', TO_DATE('2019-07-26 10:39:03', 'YYYY-MM-DD HH24:MI:SS'), 'PROBATION1'),
(1347929, null, 1078555, null, null, 'LAYER3', '1', '10', '10.6', 'N', 'N', null, null, '', TO_DATE('2019-07-26 10:39:03', 'YYYY-MM-DD HH24:MI:SS'), 'PROBATION1', TO_DATE('2019-07-26 10:39:03', 'YYYY-MM-DD HH24:MI:SS'), 'PROBATION1'),
(1347930, null, 1078555, null, null, 'LAYER3', '1', '10', '10.8', 'N', 'N', null, null, '', TO_DATE('2019-07-26 10:39:03', 'YYYY-MM-DD HH24:MI:SS'), 'PROBATION1', TO_DATE('2019-07-26 10:39:03', 'YYYY-MM-DD HH24:MI:SS'), 'PROBATION1'),
(1347931, null, 1078555, null, null, 'LAYER3', '1', '10', '10.98', 'N', 'N', null, null, '', TO_DATE('2019-07-26 10:39:03', 'YYYY-MM-DD HH24:MI:SS'), 'PROBATION1', TO_DATE('2019-07-26 10:39:03', 'YYYY-MM-DD HH24:MI:SS'), 'PROBATION1'),
(1347932, null, 1078555, null, null, 'LAYER3', '1', '10', '10.99', 'N', 'N', null, null, '', TO_DATE('2019-07-26 10:39:03', 'YYYY-MM-DD HH24:MI:SS'), 'PROBATION1', TO_DATE('2019-07-26 10:39:03', 'YYYY-MM-DD HH24:MI:SS'), 'PROBATION1'),
(1347933, 'This is a test.', 1078555, null, null, 'LAYER3', '1', '10', '10.97', 'N', 'N', null, null, '', TO_DATE('2019-07-26 10:39:03', 'YYYY-MM-DD HH24:MI:SS'), 'PROBATION1', TO_DATE('2019-07-26 10:39:03', 'YYYY-MM-DD HH24:MI:SS'), 'PROBATION1'),

(1347956, null, 1078558, null, null, 'LAYER3', '1', '13', '13.1', 'N', 'N', null, null, '', TO_DATE('2019-07-26 10:39:03', 'YYYY-MM-DD HH24:MI:SS'), 'PROBATION1', TO_DATE('2019-07-26 10:39:03', 'YYYY-MM-DD HH24:MI:SS'), 'PROBATION1'),
(1347957, null, 1078558, null, null, 'LAYER3', '1', '13', '13.2', 'N', 'N', null, null, '', TO_DATE('2019-07-26 10:39:03', 'YYYY-MM-DD HH24:MI:SS'), 'PROBATION1', TO_DATE('2019-07-26 10:39:03', 'YYYY-MM-DD HH24:MI:SS'), 'PROBATION1'),
(1347958, null, 1078558, null, null, 'LAYER3', '1', '13', '13.2.1', 'N', 'N', null, null, '', TO_DATE('2019-07-26 10:39:03', 'YYYY-MM-DD HH24:MI:SS'), 'PROBATION1', TO_DATE('2019-07-26 10:39:03', 'YYYY-MM-DD HH24:MI:SS'), 'PROBATION1'),
(1347959, null, 1078558, null, null, 'LAYER3', '1', '13', '13.2.2', 'N', 'N', null, null, '', TO_DATE('2019-07-26 10:39:03', 'YYYY-MM-DD HH24:MI:SS'), 'PROBATION1', TO_DATE('2019-07-26 10:39:03', 'YYYY-MM-DD HH24:MI:SS'), 'PROBATION1'),

(1347960, null, 1078559, null, null, 'LAYER3', '1', 'SAQ', 'SAQA', 'N', 'N', null, null, '', TO_DATE('2019-07-26 10:39:03', 'YYYY-MM-DD HH24:MI:SS'), 'PROBATION1', TO_DATE('2019-07-26 10:39:03', 'YYYY-MM-DD HH24:MI:SS'), 'PROBATION1'),
(1347961, null, 1078559, null, null, 'LAYER3', '1', 'SAQ', 'SAQC1.1', 'N', 'N', null, null, '', TO_DATE('2019-07-26 10:39:03', 'YYYY-MM-DD HH24:MI:SS'), 'PROBATION1', TO_DATE('2019-07-26 10:39:03', 'YYYY-MM-DD HH24:MI:SS'), 'PROBATION1'),
(1347962, null, 1078559, null, null, 'LAYER3', '1', 'SAQ', 'SAQC1.2', 'N', 'N', null, null, '', TO_DATE('2019-07-26 10:39:03', 'YYYY-MM-DD HH24:MI:SS'), 'PROBATION1', TO_DATE('2019-07-26 10:39:03', 'YYYY-MM-DD HH24:MI:SS'), 'PROBATION1'),
(1347963, null, 1078559, null, null, 'LAYER3', '1', 'SAQ', 'SAQC2.1', 'N', 'N', null, null, '', TO_DATE('2019-07-26 10:39:03', 'YYYY-MM-DD HH24:MI:SS'), 'PROBATION1', TO_DATE('2019-07-26 10:39:03', 'YYYY-MM-DD HH24:MI:SS'), 'PROBATION1'),
(1347964, null, 1078559, null, null, 'LAYER3', '1', 'SAQ', 'SAQC2.2', 'N', 'N', null, null, '', TO_DATE('2019-07-26 10:39:03', 'YYYY-MM-DD HH24:MI:SS'), 'PROBATION1', TO_DATE('2019-07-26 10:39:03', 'YYYY-MM-DD HH24:MI:SS'), 'PROBATION1'),
(1347965, null, 1078559, null, null, 'LAYER3', '1', 'SAQ', 'SAQC3.1', 'N', 'N', null, null, '', TO_DATE('2019-07-26 10:39:03', 'YYYY-MM-DD HH24:MI:SS'), 'PROBATION1', TO_DATE('2019-07-26 10:39:03', 'YYYY-MM-DD HH24:MI:SS'), 'PROBATION1'),
(1347966, null, 1078559, null, null, 'LAYER3', '1', 'SAQ', 'SAQC3.2', 'N', 'N', null, null, '', TO_DATE('2019-07-26 10:39:03', 'YYYY-MM-DD HH24:MI:SS'), 'PROBATION1', TO_DATE('2019-07-26 10:39:03', 'YYYY-MM-DD HH24:MI:SS'), 'PROBATION1'),
(1347967, null, 1078559, null, null, 'LAYER3', '1', 'SAQ', 'SAQC4.1', 'N', 'N', null, null, '', TO_DATE('2019-07-26 10:39:03', 'YYYY-MM-DD HH24:MI:SS'), 'PROBATION1', TO_DATE('2019-07-26 10:39:03', 'YYYY-MM-DD HH24:MI:SS'), 'PROBATION1'),
(1347968, null, 1078559, null, null, 'LAYER3', '1', 'SAQ', 'SAQC4.2', 'N', 'N', null, null, '', TO_DATE('2019-07-26 10:39:03', 'YYYY-MM-DD HH24:MI:SS'), 'PROBATION1', TO_DATE('2019-07-26 10:39:03', 'YYYY-MM-DD HH24:MI:SS'), 'PROBATION1'),
(1347969, null, 1078559, null, null, 'LAYER3', '1', 'SAQ', 'SAQC5.1', 'N', 'N', null, null, '', TO_DATE('2019-07-26 10:39:03', 'YYYY-MM-DD HH24:MI:SS'), 'PROBATION1', TO_DATE('2019-07-26 10:39:03', 'YYYY-MM-DD HH24:MI:SS'), 'PROBATION1'),
(1347970, null, 1078559, null, null, 'LAYER3', '1', 'SAQ', 'SAQC5.2', 'N', 'N', null, null, '', TO_DATE('2019-07-26 10:39:03', 'YYYY-MM-DD HH24:MI:SS'), 'PROBATION1', TO_DATE('2019-07-26 10:39:03', 'YYYY-MM-DD HH24:MI:SS'), 'PROBATION1'),
(1347971, null, 1078559, null, null, 'LAYER3', '1', 'SAQ', 'SAQC6.1', 'N', 'N', null, null, '', TO_DATE('2019-07-26 10:39:03', 'YYYY-MM-DD HH24:MI:SS'), 'PROBATION1', TO_DATE('2019-07-26 10:39:03', 'YYYY-MM-DD HH24:MI:SS'), 'PROBATION1'),
(1347972, null, 1078559, null, null, 'LAYER3', '1', 'SAQ', 'SAQC7.1', 'N', 'N', null, null, '', TO_DATE('2019-07-26 10:39:03', 'YYYY-MM-DD HH24:MI:SS'), 'PROBATION1', TO_DATE('2019-07-26 10:39:03', 'YYYY-MM-DD HH24:MI:SS'), 'PROBATION1'),
(1347973, null, 1078559, null, null, 'LAYER3', '1', 'SAQ', 'SAQC7.2', 'N', 'N', null, null, '', TO_DATE('2019-07-26 10:39:03', 'YYYY-MM-DD HH24:MI:SS'), 'PROBATION1', TO_DATE('2019-07-26 10:39:03', 'YYYY-MM-DD HH24:MI:SS'), 'PROBATION1'),
(1347974, null, 1078559, null, null, 'LAYER3', '1', 'SAQ', 'SAQC8.1', 'N', 'N', null, null, '', TO_DATE('2019-07-26 10:39:03', 'YYYY-MM-DD HH24:MI:SS'), 'PROBATION1', TO_DATE('2019-07-26 10:39:03', 'YYYY-MM-DD HH24:MI:SS'), 'PROBATION1'),
(1347975, null, 1078559, null, null, 'LAYER3', '1', 'SAQ', 'SAQC9.1', 'N', 'N', null, null, '', TO_DATE('2019-07-26 10:39:03', 'YYYY-MM-DD HH24:MI:SS'), 'PROBATION1', TO_DATE('2019-07-26 10:39:03', 'YYYY-MM-DD HH24:MI:SS'), 'PROBATION1'),
(1347976, null, 1078559, null, null, 'LAYER3', '1', 'SAQ', 'SAQC9.2', 'N', 'N', null, null, '', TO_DATE('2019-07-26 10:39:03', 'YYYY-MM-DD HH24:MI:SS'), 'PROBATION1', TO_DATE('2019-07-26 10:39:03', 'YYYY-MM-DD HH24:MI:SS'), 'PROBATION1'),
(1347977, null, 1078559, null, null, 'LAYER3', '1', 'SAQ', 'SAQC10.1', 'N', 'N', null, null, '', TO_DATE('2019-07-26 10:39:03', 'YYYY-MM-DD HH24:MI:SS'), 'PROBATION1', TO_DATE('2019-07-26 10:39:03', 'YYYY-MM-DD HH24:MI:SS'), 'PROBATION1'),
(1347978, null, 1078559, null, null, 'LAYER3', '1', 'SAQ', 'SAQC10.2', 'N', 'N', null, null, '', TO_DATE('2019-07-26 10:39:03', 'YYYY-MM-DD HH24:MI:SS'), 'PROBATION1', TO_DATE('2019-07-26 10:39:03', 'YYYY-MM-DD HH24:MI:SS'), 'PROBATION1'),
(1347979, null, 1078559, null, null, 'LAYER3', '1', 'SAQ', 'SAQC11.1', 'N', 'N', null, null, '', TO_DATE('2019-07-26 10:39:03', 'YYYY-MM-DD HH24:MI:SS'), 'PROBATION1', TO_DATE('2019-07-26 10:39:03', 'YYYY-MM-DD HH24:MI:SS'), 'PROBATION1'),
(1347980, null, 1078559, null, null, 'LAYER3', '1', 'SAQ', 'SAQC11.2', 'N', 'N', null, null, '', TO_DATE('2019-07-26 10:39:03', 'YYYY-MM-DD HH24:MI:SS'), 'PROBATION1', TO_DATE('2019-07-26 10:39:03', 'YYYY-MM-DD HH24:MI:SS'), 'PROBATION1'),
(1347981, null, 1078559, null, null, 'LAYER3', '1', 'SAQ', 'SAQC12.1', 'N', 'N', null, null, '', TO_DATE('2019-07-26 10:39:03', 'YYYY-MM-DD HH24:MI:SS'), 'PROBATION1', TO_DATE('2019-07-26 10:39:03', 'YYYY-MM-DD HH24:MI:SS'), 'PROBATION1'),
(1347982, null, 1078559, null, null, 'LAYER3', '1', 'SAQ', 'SAQC12.2', 'N', 'N', null, null, '', TO_DATE('2019-07-26 10:39:03', 'YYYY-MM-DD HH24:MI:SS'), 'PROBATION1', TO_DATE('2019-07-26 10:39:03', 'YYYY-MM-DD HH24:MI:SS'), 'PROBATION1'),
(1347983, null, 1078559, null, null, 'LAYER3', '1', 'SAQ', 'SAQC13.1', 'N', 'N', null, null, '', TO_DATE('2019-07-26 10:39:03', 'YYYY-MM-DD HH24:MI:SS'), 'PROBATION1', TO_DATE('2019-07-26 10:39:03', 'YYYY-MM-DD HH24:MI:SS'), 'PROBATION1'),
(1347984, null, 1078559, null, null, 'LAYER3', '1', 'SAQ', 'SAQC13.2', 'N', 'N', null, null, '', TO_DATE('2019-07-26 10:39:03', 'YYYY-MM-DD HH24:MI:SS'), 'PROBATION1', TO_DATE('2019-07-26 10:39:03', 'YYYY-MM-DD HH24:MI:SS'), 'PROBATION1'),
(1347985, null, 1078559, null, null, 'LAYER3', '1', 'SAQ', 'SAQC14.1', 'N', 'N', null, null, '', TO_DATE('2019-07-26 10:39:03', 'YYYY-MM-DD HH24:MI:SS'), 'PROBATION1', TO_DATE('2019-07-26 10:39:03', 'YYYY-MM-DD HH24:MI:SS'), 'PROBATION1'),
(1347986, null, 1078559, null, null, 'LAYER3', '1', 'SAQ', 'SAQC14.2', 'N', 'N', null, null, '', TO_DATE('2019-07-26 10:39:03', 'YYYY-MM-DD HH24:MI:SS'), 'PROBATION1', TO_DATE('2019-07-26 10:39:03', 'YYYY-MM-DD HH24:MI:SS'), 'PROBATION1'),
(1347987, null, 1078559, null, null, 'LAYER3', '1', 'SAQ', 'SAQC15.1', 'N', 'N', null, null, '', TO_DATE('2019-07-26 10:39:03', 'YYYY-MM-DD HH24:MI:SS'), 'PROBATION1', TO_DATE('2019-07-26 10:39:03', 'YYYY-MM-DD HH24:MI:SS'), 'PROBATION1'),
(1347988, null, 1078559, null, null, 'LAYER3', '1', 'SAQ', 'SAQC15.2', 'N', 'N', null, null, '', TO_DATE('2019-07-26 10:39:03', 'YYYY-MM-DD HH24:MI:SS'), 'PROBATION1', TO_DATE('2019-07-26 10:39:03', 'YYYY-MM-DD HH24:MI:SS'), 'PROBATION1'),
(1347989, null, 1078559, null, null, 'LAYER3', '1', 'SAQ', 'SAQC16.1', 'N', 'N', null, null, '', TO_DATE('2019-07-26 10:39:03', 'YYYY-MM-DD HH24:MI:SS'), 'PROBATION1', TO_DATE('2019-07-26 10:39:03', 'YYYY-MM-DD HH24:MI:SS'), 'PROBATION1'),
(1347990, null, 1078559, null, null, 'LAYER3', '1', 'SAQ', 'SAQC16.2', 'N', 'N', null, null, '', TO_DATE('2019-07-26 10:39:03', 'YYYY-MM-DD HH24:MI:SS'), 'PROBATION1', TO_DATE('2019-07-26 10:39:03', 'YYYY-MM-DD HH24:MI:SS'), 'PROBATION1'),
(1347991, null, 1078559, null, null, 'LAYER3', '1', 'SAQ', 'SAQC17.1', 'N', 'N', null, null, '', TO_DATE('2019-07-26 10:39:03', 'YYYY-MM-DD HH24:MI:SS'), 'PROBATION1', TO_DATE('2019-07-26 10:39:03', 'YYYY-MM-DD HH24:MI:SS'), 'PROBATION1'),
(1347992, null, 1078559, null, null, 'LAYER3', '1', 'SAQ', 'SAQC17.2', 'N', 'N', null, null, '', TO_DATE('2019-07-26 10:39:03', 'YYYY-MM-DD HH24:MI:SS'), 'PROBATION1', TO_DATE('2019-07-26 10:39:03', 'YYYY-MM-DD HH24:MI:SS'), 'PROBATION1'),
(1347993, null, 1078559, null, null, 'LAYER3', '1', 'SAQ', 'SAQC18.1', 'N', 'N', null, null, '', TO_DATE('2019-07-26 10:39:03', 'YYYY-MM-DD HH24:MI:SS'), 'PROBATION1', TO_DATE('2019-07-26 10:39:03', 'YYYY-MM-DD HH24:MI:SS'), 'PROBATION1'),
(1347994, null, 1078559, null, null, 'LAYER3', '1', 'SAQ', 'SAQC18.2', 'N', 'N', null, null, '', TO_DATE('2019-07-26 10:39:03', 'YYYY-MM-DD HH24:MI:SS'), 'PROBATION1', TO_DATE('2019-07-26 10:39:03', 'YYYY-MM-DD HH24:MI:SS'), 'PROBATION1'),
(1347995, null, 1078559, null, null, 'LAYER3', '1', 'SAQ', 'SAQC19.1', 'N', 'N', null, null, '', TO_DATE('2019-07-26 10:39:03', 'YYYY-MM-DD HH24:MI:SS'), 'PROBATION1', TO_DATE('2019-07-26 10:39:03', 'YYYY-MM-DD HH24:MI:SS'), 'PROBATION1'),
(1347996, null, 1078559, null, null, 'LAYER3', '1', 'SAQ', 'SAQC19.2', 'N', 'N', null, null, '', TO_DATE('2019-07-26 10:39:03', 'YYYY-MM-DD HH24:MI:SS'), 'PROBATION1', TO_DATE('2019-07-26 10:39:03', 'YYYY-MM-DD HH24:MI:SS'), 'PROBATION1'),
(1347997, null, 1078559, null, null, 'LAYER3', '1', 'SAQ', 'SAQC20.1', 'N', 'N', null, null, '', TO_DATE('2019-07-26 10:39:03', 'YYYY-MM-DD HH24:MI:SS'), 'PROBATION1', TO_DATE('2019-07-26 10:39:03', 'YYYY-MM-DD HH24:MI:SS'), 'PROBATION1'),
(1347998, null, 1078559, null, null, 'LAYER3', '1', 'SAQ', 'SAQC21.1', 'N', 'N', null, null, '', TO_DATE('2019-07-26 10:39:03', 'YYYY-MM-DD HH24:MI:SS'), 'PROBATION1', TO_DATE('2019-07-26 10:39:03', 'YYYY-MM-DD HH24:MI:SS'), 'PROBATION1'),
(1347999, null, 1078559, null, null, 'LAYER3', '1', 'SAQ', 'SAQC21.2', 'N', 'N', null, null, '', TO_DATE('2019-07-26 10:39:03', 'YYYY-MM-DD HH24:MI:SS'), 'PROBATION1', TO_DATE('2019-07-26 10:39:03', 'YYYY-MM-DD HH24:MI:SS'), 'PROBATION1'),
(1348000, null, 1078559, null, null, 'LAYER3', '1', 'SAQ', 'SAQC22.2', 'N', 'N', null, null, '', TO_DATE('2019-07-26 10:39:03', 'YYYY-MM-DD HH24:MI:SS'), 'PROBATION1', TO_DATE('2019-07-26 10:39:03', 'YYYY-MM-DD HH24:MI:SS'), 'PROBATION1'),
(1348001, null, 1078559, null, null, 'LAYER3', '1', 'SAQ', 'SAQC23.1', 'N', 'N', null, null, '', TO_DATE('2019-07-26 10:39:03', 'YYYY-MM-DD HH24:MI:SS'), 'PROBATION1', TO_DATE('2019-07-26 10:39:03', 'YYYY-MM-DD HH24:MI:SS'), 'PROBATION1'),
(1348002, null, 1078559, null, null, 'LAYER3', '1', 'SAQ', 'SAQC23.2', 'N', 'N', null, null, '', TO_DATE('2019-07-26 10:39:03', 'YYYY-MM-DD HH24:MI:SS'), 'PROBATION1', TO_DATE('2019-07-26 10:39:03', 'YYYY-MM-DD HH24:MI:SS'), 'PROBATION1'),
(1348003, null, 1078559, null, null, 'LAYER3', '1', 'SAQ', 'SAQC24.1', 'N', 'N', null, null, '', TO_DATE('2019-07-26 10:39:03', 'YYYY-MM-DD HH24:MI:SS'), 'PROBATION1', TO_DATE('2019-07-26 10:39:03', 'YYYY-MM-DD HH24:MI:SS'), 'PROBATION1'),
(1348004, null, 1078559, null, null, 'LAYER3', '1', 'SAQ', 'SAQC24.2', 'N', 'N', null, null, '', TO_DATE('2019-07-26 10:39:03', 'YYYY-MM-DD HH24:MI:SS'), 'PROBATION1', TO_DATE('2019-07-26 10:39:03', 'YYYY-MM-DD HH24:MI:SS'), 'PROBATION1'),
(1348005, null, 1078559, null, null, 'LAYER3', '1', 'SAQ', 'SAQC25.1', 'N', 'N', null, null, '', TO_DATE('2019-07-26 10:39:03', 'YYYY-MM-DD HH24:MI:SS'), 'PROBATION1', TO_DATE('2019-07-26 10:39:03', 'YYYY-MM-DD HH24:MI:SS'), 'PROBATION1'),
(1348006, null, 1078559, null, null, 'LAYER3', '1', 'SAQ', 'SAQC25.2', 'N', 'N', null, null, '', TO_DATE('2019-07-26 10:39:03', 'YYYY-MM-DD HH24:MI:SS'), 'PROBATION1', TO_DATE('2019-07-26 10:39:03', 'YYYY-MM-DD HH24:MI:SS'), 'PROBATION1'),
(1348007, null, 1078559, null, null, 'LAYER3', '1', 'SAQ', 'SAQC26.1', 'N', 'N', null, null, '', TO_DATE('2019-07-26 10:39:03', 'YYYY-MM-DD HH24:MI:SS'), 'PROBATION1', TO_DATE('2019-07-26 10:39:03', 'YYYY-MM-DD HH24:MI:SS'), 'PROBATION1'),
(1348008, null, 1078559, null, null, 'LAYER3', '1', 'SAQ', 'SAQC26.2', 'N', 'N', null, null, '', TO_DATE('2019-07-26 10:39:03', 'YYYY-MM-DD HH24:MI:SS'), 'PROBATION1', TO_DATE('2019-07-26 10:39:03', 'YYYY-MM-DD HH24:MI:SS'), 'PROBATION1'),
(1348009, null, 1078559, null, null, 'LAYER3', '1', 'SAQ', 'SAQC27.1', 'N', 'N', null, null, '', TO_DATE('2019-07-26 10:39:03', 'YYYY-MM-DD HH24:MI:SS'), 'PROBATION1', TO_DATE('2019-07-26 10:39:03', 'YYYY-MM-DD HH24:MI:SS'), 'PROBATION1'),
(1348010, null, 1078559, null, null, 'LAYER3', '1', 'SAQ', 'SAQC27.2', 'N', 'N', null, null, '', TO_DATE('2019-07-26 10:39:03', 'YYYY-MM-DD HH24:MI:SS'), 'PROBATION1', TO_DATE('2019-07-26 10:39:03', 'YYYY-MM-DD HH24:MI:SS'), 'PROBATION1'),
(1348011, null, 1078559, null, null, 'LAYER3', '1', 'SAQ', 'SAQ28', 'N', 'N', null, null, '', TO_DATE('2019-07-26 10:39:03', 'YYYY-MM-DD HH24:MI:SS'), 'PROBATION1', TO_DATE('2019-07-26 10:39:03', 'YYYY-MM-DD HH24:MI:SS'), 'PROBATION1'),
(1348012, null, 1078559, '24/07/2019', null, 'LAYER3', '1', 'SAQ', 'SAQB', 'N', 'N', null, null, '', TO_DATE('2019-07-26 10:39:03', 'YYYY-MM-DD HH24:MI:SS'), 'PROBATION1', TO_DATE('2019-07-26 10:39:03', 'YYYY-MM-DD HH24:MI:SS'), 'PROBATION1'),

(1348013, null, 1078560, null, null, 'LAYER3', '1', 'ROSH', 'R1.2.15.1', 'N', 'N', null, null, '', TO_DATE('2019-07-26 10:39:03', 'YYYY-MM-DD HH24:MI:SS'), 'PROBATION1', TO_DATE('2019-07-26 10:39:03', 'YYYY-MM-DD HH24:MI:SS'), 'PROBATION1'),
(1348014, null, 1078560, null, null, 'LAYER3', '1', 'ROSH', 'R1.2.15.2', 'N', 'N', null, null, '', TO_DATE('2019-07-26 10:39:03', 'YYYY-MM-DD HH24:MI:SS'), 'PROBATION1', TO_DATE('2019-07-26 10:39:03', 'YYYY-MM-DD HH24:MI:SS'), 'PROBATION1'),
(1348015, null, 1078560, null, null, 'LAYER3', '1', 'ROSH', 'R1.3.19.1', 'N', 'N', null, null, '', TO_DATE('2019-07-26 10:39:03', 'YYYY-MM-DD HH24:MI:SS'), 'PROBATION1', TO_DATE('2019-07-26 10:39:03', 'YYYY-MM-DD HH24:MI:SS'), 'PROBATION1'),
(1348016, null, 1078560, null, null, 'LAYER3', '1', 'ROSH', 'R1.3.19.2', 'N', 'N', null, null, '', TO_DATE('2019-07-26 10:39:03', 'YYYY-MM-DD HH24:MI:SS'), 'PROBATION1', TO_DATE('2019-07-26 10:39:03', 'YYYY-MM-DD HH24:MI:SS'), 'PROBATION1'),
(1348017, null, 1078560, null, null, 'LAYER3', '1', 'ROSH', 'R2.1', 'N', 'N', null, null, '', TO_DATE('2019-07-26 10:39:03', 'YYYY-MM-DD HH24:MI:SS'), 'PROBATION1', TO_DATE('2019-07-26 10:39:03', 'YYYY-MM-DD HH24:MI:SS'), 'PROBATION1'),
(1348018, null, 1078560, null, null, 'LAYER3', '1', 'ROSH', 'R2.2', 'N', 'N', null, null, '', TO_DATE('2019-07-26 10:39:03', 'YYYY-MM-DD HH24:MI:SS'), 'PROBATION1', TO_DATE('2019-07-26 10:39:03', 'YYYY-MM-DD HH24:MI:SS'), 'PROBATION1'),
(1348019, null, 1078560, null, null, 'LAYER3', '1', 'ROSH', 'R3.1', 'N', 'N', null, null, '', TO_DATE('2019-07-26 10:39:03', 'YYYY-MM-DD HH24:MI:SS'), 'PROBATION1', TO_DATE('2019-07-26 10:39:03', 'YYYY-MM-DD HH24:MI:SS'), 'PROBATION1'),
(1348020, null, 1078560, null, null, 'LAYER3', '1', 'ROSH', 'R3.2', 'N', 'N', null, null, '', TO_DATE('2019-07-26 10:39:03', 'YYYY-MM-DD HH24:MI:SS'), 'PROBATION1', TO_DATE('2019-07-26 10:39:03', 'YYYY-MM-DD HH24:MI:SS'), 'PROBATION1'),
(1348021, null, 1078560, null, null, 'LAYER3', '1', 'ROSH', 'R3.3', 'N', 'N', null, null, '', TO_DATE('2019-07-26 10:39:03', 'YYYY-MM-DD HH24:MI:SS'), 'PROBATION1', TO_DATE('2019-07-26 10:39:03', 'YYYY-MM-DD HH24:MI:SS'), 'PROBATION1'),
(1348022, null, 1078560, null, null, 'LAYER3', '1', 'ROSH', 'R4.1', 'N', 'N', null, null, '', TO_DATE('2019-07-26 10:39:03', 'YYYY-MM-DD HH24:MI:SS'), 'PROBATION1', TO_DATE('2019-07-26 10:39:03', 'YYYY-MM-DD HH24:MI:SS'), 'PROBATION1'),
(1348023, null, 1078560, null, null, 'LAYER3', '1', 'ROSH', 'R4.2', 'N', 'N', null, null, '', TO_DATE('2019-07-26 10:39:03', 'YYYY-MM-DD HH24:MI:SS'), 'PROBATION1', TO_DATE('2019-07-26 10:39:03', 'YYYY-MM-DD HH24:MI:SS'), 'PROBATION1'),
(1348024, null, 1078560, null, null, 'LAYER3', '1', 'ROSH', 'R4.3', 'N', 'N', null, null, '', TO_DATE('2019-07-26 10:39:03', 'YYYY-MM-DD HH24:MI:SS'), 'PROBATION1', TO_DATE('2019-07-26 10:39:03', 'YYYY-MM-DD HH24:MI:SS'), 'PROBATION1'),
(1348025, null, 1078560, null, null, 'LAYER3', '1', 'ROSH', 'R4.4', 'N', 'N', null, null, '', TO_DATE('2019-07-26 10:39:03', 'YYYY-MM-DD HH24:MI:SS'), 'PROBATION1', TO_DATE('2019-07-26 10:39:03', 'YYYY-MM-DD HH24:MI:SS'), 'PROBATION1'),
(1348026, null, 1078560, null, null, 'LAYER3', '1', 'ROSH', 'R3.4', 'N', 'N', null, null, '', TO_DATE('2019-07-26 10:39:03', 'YYYY-MM-DD HH24:MI:SS'), 'PROBATION1', TO_DATE('2019-07-26 10:39:03', 'YYYY-MM-DD HH24:MI:SS'), 'PROBATION1'),
(1348029, null, 1078560, null, null, 'LAYER3', '1', 'ROSH', 'R5.1', 'N', 'N', null, null, '', TO_DATE('2019-07-26 10:51:37', 'YYYY-MM-DD HH24:MI:SS'), 'PROBATION1', TO_DATE('2019-07-26 10:51:37', 'YYYY-MM-DD HH24:MI:SS'), 'PROBATION1');

INSERT INTO OASYS_ANSWER (OASYS_ANSWER_PK, OASYS_QUESTION_PK, REF_ASS_VERSION_CODE, VERSION_NUMBER, REF_SECTION_CODE, REF_QUESTION_CODE, REF_ANSWER_CODE, MIG_GUID, MIG_ID, CHECKSUM, CREATE_DATE, CREATE_USER, LASTUPD_DATE, LASTUPD_USER) VALUES
(2343784, 1347931, 'LAYER3', '1', '10', '10.98', 'YES', null, null, '', TO_DATE('2019-07-26 10:39:03', 'YYYY-MM-DD HH24:MI:SS'), 'PROBATION1', TO_DATE('2019-07-26 10:39:03', 'YYYY-MM-DD HH24:MI:SS'), 'PROBATION1'),
(2343776, 1347922, 'LAYER3', '1', '9', '9.99', 'YES', null, null, '', TO_DATE('2019-07-26 10:39:03', 'YYYY-MM-DD HH24:MI:SS'), 'PROBATION1', TO_DATE('2019-07-26 10:39:03', 'YYYY-MM-DD HH24:MI:SS'), 'PROBATION1'),
(2343775, 1348017, 'LAYER3', '1', 'ROSH', 'R2.1', 'YES', null, null, '', TO_DATE('2019-07-26 10:39:03', 'YYYY-MM-DD HH24:MI:SS'), 'PROBATION1', TO_DATE('2019-07-26 10:39:03', 'YYYY-MM-DD HH24:MI:SS'), 'PROBATION1');

-- Offence block
INSERT INTO OFFENCE_BLOCK (OFFENCE_BLOCK_PK, DISPLAY_SORT, OFFENCE_DATE, RESENTENCE_FOR_BREACH_IND, SENTENCE_DATE, SENTENCE_LENGTH_CPO_HOURS, SENTENCE_LENGTH_CRO_M, SENTENCE_OTHER_FREE_TEXT, SENT_LENGTH_CUST_DAYS, SNTNC_EXTND_LNGTH_MNTHS, SENTENCE_COURT_RECOM, DISQUALIFICATION_ORDER, ORDER_AMENDED_IND, ORDER_AMENDED_DATE, OFFENCE_BLOCK_TYPE_ELM, OFFENCE_BLOCK_TYPE_CAT, LEVEL_OF_SERIOUSNESS_ELM, LEVEL_OF_SERIOUSNESS_CAT, OASYS_SET_PK, SENTENCE_CODE, COURT_PK, COURT_OTHER_TEXT, CREATE_DATE, BCS_SENTENCE_TYPE_ELM, BCS_SENTENCE_TYPE_CAT, CREATE_USER, LASTUPD_USER) VALUES
(1, 1, TO_DATE('2017-08-1 00:00:00', 'YYYY-MM-DD HH24:MI:SS'), 'Y', TO_DATE('2017-10-01 00:00:00', 'YYYY-MM-DD HH24:MI:SS'), null, null, null, 100, null, null, 'N', null, null, 'PRINCIPAL_PROPOSAL', 'OFFENCE_BLOCKTYPE', 'HIGH', 'LEVEL_OF_SERIOUSNESS', 5433, '310', null, null, TO_DATE('2012-10-16 10:18:44', 'YYYY-MM-DD HH24:MI:SS'), null, null, 'PROBATION1', 'PROBATION1'),
(2, 2, TO_DATE('2017-09-1 00:00:00', 'YYYY-MM-DD HH24:MI:SS'), 'N', TO_DATE('2017-11-01 00:00:00', 'YYYY-MM-DD HH24:MI:SS'), null, null, null, 200, null, null, 'N', null, null, 'PRINCIPAL_PROPOSAL', 'OFFENCE_BLOCKTYPE', 'HIGH', 'LEVEL_OF_SERIOUSNESS', 5433, '910', null, null, TO_DATE('2012-10-16 10:18:44', 'YYYY-MM-DD HH24:MI:SS'), null, null, 'PROBATION1', 'PROBATION1');

-- Offender Sentence Details
INSERT INTO OFFENCE_SENTENCE_DETAIL (OFFENCE_SENTENCE_DETAIL_PK, DISPLAY_SORT, CJA_UNPAID_HOURS, CJA_SUPERVISION_MONTHS, ACTIVITY_DESC, YES_NO_ELM, YES_NO_CAT, SENTENCE_ATTRIBUTE_ELM, SENTENCE_ATTRIBUTE_CAT, OFFENCE_BLOCK_PK, CREATE_DATE, CREATE_USER, LASTUPD_USER) VALUES
 (1, 1, 120, null, 'Activity 1', 'Y', 'YES_NO', 'UNPAID_WORK', 'CJA_REQUIREMENT', 1, TO_DATE('2018-07-26 10:39:04', 'YYYY-MM-DD HH24:MI:SS'), 'PROBATION1', 'PROBATION1'),
 (2, 1, 120, null, 'Activity 2', 'Y', 'YES_NO', 'UNPAID_WORK', 'CJA_REQUIREMENT', 2, TO_DATE('2018-07-26 10:39:04', 'YYYY-MM-DD HH24:MI:SS'), 'PROBATION1', 'PROBATION1');
