-- Offender
INSERT INTO OFFENDER (OFFENDER_PK, ADDRESS_LAST_UPDATE_DATE, ADDRESS_LINE_1, ADDRESS_LINE_2, ADDRESS_LINE_3, ADDRESS_LINE_4, ADDRESS_LINE_5, ADDRESS_LINE_6, ADDRESS_POSTCODE, TELEPHONE_NUMBER, DATE_OF_BIRTH, TITLE_ELM, TITLE_CAT, FAMILY_NAME, NAME_SOUNDSLIKE, FORENAME_1, FORENAME_2, FORENAME_3, LIMITED_ACCESS_OFFENDER, PNC, CMS_PROB_NUMBER, CMS_PRIS_NUMBER, LEGACY_CMS_PROB_NUMBER, CRO_NUMBER, PRISON_NUMBER, MERGE_PNC_NUMBER, DATE_OF_DEATH, DATE_OF_DEPORTATION, OFFENDER_MANAGED_IND, PPO_IND, REMAND_IND, REVIEW_DATE, REVIEW_REMINDER_DATE, TERM_REMINDER_DATE, ETHNIC_CATEGORY_ELM, ETHNIC_CATEGORY_CAT, GENDER_ELM, GENDER_CAT, RISK_TO_OTHERS_ELM, RISK_TO_OTHERS_CAT, RISK_TO_SELF_ELM, RISK_TO_SELF_CAT, OFFENDER_HISTORIC_ELM, OFFENDER_HISTORIC_CAT, LOCAL_AUTHORITY_ELM, LOCAL_AUTHORITY_CAT, ORIGINATING_CMS_ELM, ORIGINATING_CMS_CAT, DECEASED_IND, NFA_IND, CUSTODY_IND, PSR_AREA, OWNING_PRISON_AREA, OWNING_PROBATION_AREA, PRIMARY_LOCATION_AREA, AWAITING_PROB_AREA, AWAITING_PRIS_AREA, PHYSICAL_LOCATION_OTHER, DELETED_DATE, MERGED_IND, CMS_MESSAGE, ICMSCLIREF, ICMSSUPREF, ICMSLINKREF, CMS_EVENT_NUMBER, POTENTIAL_DELETION_DATE, RETAINED_IND, RETAINED_REASON, LIFE_IND, RELEASE_POT_DELETION_DATE, RESTORE_PNC_IND, PHYSICAL_LOCATION, MIG_GUID, MIG_ID, CHECKSUM, CREATE_DATE, CREATE_USER, LASTUPD_DATE, LASTUPD_USER, DISCHARGE_CODE_CAT, DISCHARGE_CODE_ELM, HOST_CPA) VALUES
(100, null, null, null, null, null, null, null, null, null, TO_DATE('1992-01-01 00:00:00', 'YYYY-MM-DD HH24:MI:SS'), null, null, 'SMITH', 'IF', 'SAM', 'SAMMY', 'SAMUEL', 'N', 'PNC100', 'XYZ100', 'NOMIS100', null, 'CRO123456', 'B100', null, null, null, 'N', null, 'N', null, null, null, null, null, '1', 'GENDER', null, null, null, null, 'CURRENT', 'HISTORIC_STATUS', null, null, null, null, 'N', 'N', 'N', null, null, 'YSW', 'YSW', null, null, null, null, 'N', null, null, null, null, null, null, 'N', null, 'N', null, 'N', 'YSW', null, null, '', TO_DATE('2018-08-31 08:19:26', 'YYYY-MM-DD HH24:MI:SS'), 'PROBATION1', TO_DATE('2018-05-16 16:12:40', 'YYYY-MM-DD HH24:MI:SS'), 'PROBATION1', null, null, null);

--Assessment  group
INSERT INTO OASYS_ASSESSMENT_GROUP (OASYS_ASSESSMENT_GROUP_PK, OFFENDER_PK, ASSESSMENT_DATE_CLOSED, HISTORIC_STATUS_ELM, HISTORIC_STATUS_CAT, MIG_GUID, MIG_ID, CHECKSUM, CREATE_DATE, CREATE_USER, LASTUPD_DATE, LASTUPD_USER) VALUES (100, 100, null, 'CURRENT', 'HISTORIC_STATUS', null, null, '', TO_DATE('2018-10-16 10:16:36', 'YYYY-MM-DD HH24:MI:SS'), 'PROBATION1', TO_DATE('2018-10-16 10:16:36', 'YYYY-MM-DD HH24:MI:SS'), 'SYS');

-- OASys set
INSERT INTO OASYS_SET (OASYS_SET_PK, ADDL_OFFC_V2_LGCYDAT, APPEAL_PENDING_DETAILS, APPEAL_PENDING_INDICATOR, ASSESSMENT_VOIDED_BY, ASSESSMENT_VOIDED_DATE, ASSESSOR_NAME, ASSESSOR_OFFICE, ASSESSOR_TEAM, ASSESSOR_PHONE_NUMBER, ASSESSOR_EMAIL, ASSESSOR_POSITION, ASSESSOR_SIGNED_DATE, AUTOMATIC_RELEASE_DATE, CHARGES_PENDING_DTL, CHARGES_PENDING_IND, CONDITIONAL_RELEASE_DATE, COUNTERSIGNER_NAME, COUNTERSIGNER_OFFICE, COUNTERSIGNER_PHONE_NUM, COUNTERSIGNER_POSITION, COUNTERSIGNER_SIGNED_DATE, COUNTERSIGNER_COMMENTS, CMS_PROB_NUMBER, CMS_PRIS_NUMBER, LEGACY_CMS_PROB_NUMBER, CRO_NUMBER, CURRENT_ADDRESS_LINE_1, CURRENT_ADDRESS_LINE_2, CURRENT_ADDRESS_LINE_3, CURRENT_ADDRESS_LINE_4, CURRENT_ADDRESS_LINE_5, CURRENT_ADDRESS_LINE_6, CURRENT_POST_CODE, CURRENT_TELEPHONE_NUMBER, DATE_OF_ACTUAL_RELEASE, DATE_OF_BIRTH, DET_U_IMMIGRATION_ACT_IND, DISCHARGE_ADDRESS_LINE_1, DISCHARGE_ADDRESS_LINE_2, DISCHARGE_ADDRESS_LINE_3, DISCHARGE_ADDRESS_LINE_4, DISCHARGE_ADDRESS_LINE_5, DISCHARGE_ADDRESS_LINE_6, DISCHARGE_POST_CODE, DISCHARGE_TELEPHONE_NUM, FACILITY_LIC_ELIG_DATE, FAMILY_NAME, FORENAME_1, FORENAME_2, FORENAME_3, HOME_DETN_CURFEW_DATE, INITIATION_DATE, INTERPRETER_REQUIRED_IND, LICENCE_EXPIRY_DATE, LICENCE_REQUIRE_RELEASE, NON_PAROLE_DATE, OASYS_FORM_VERSION, OASYS_SCORING_ALG_VERSION, OFFDR_IDENT_PERSIST_IND, PAROLE_ELIGIBILITY_DATE, PNC, PRF_SPKN_LNG_OFTXT, PRF_WRT_LNG_OFTXT, PRISON_NUMBER, PSR_CLOSED_GROUP_IND, PURPOSE_ASSMT_OTHER_FTXT, REASON_FOR_VOIDING, RECOMMENDED_DEP_IND, RELIGION_OTHER, REQUESTED_BY, DATE_COMPLETED, DATE_ASSESSMENT_REQST, DATE_REPORT_REQST, RESETTLE_LIC_ELIG_DATE, SENTENCE_EXPIRY_DATE, SOURCES_INFO_OTHER_FTXT, LOOKED_AFTER, SECURITY_CATEGORY, CELL_LOCATION, OGP_ST_WESC, OGP_DY_WESC, OGP_TOT_WESC, OVP_ST_WESC, OVP_DY_WESC, OVP_TOT_WESC, OGRS3_1YEAR, OGRS3_2YEAR, OGRS3_RISK_RECON_ELM, OGRS3_RISK_RECON_CAT, OGP_1YEAR, OGP_2YEAR, OGP_RISK_RECON_ELM, OGP_RISK_RECON_CAT, OVP_1YEAR, OVP_2YEAR, OVP_RISK_RECON_ELM, OVP_RISK_RECON_CAT, OVP_PREV_WESC, OVP_VIO_WESC, OVP_NON_VIO_WESC, OVP_AGE_WESC, OVP_SEX_WESC, LOW_SCORE_NEED_ATTN_REASON, TIER_LEVEL_ELM, TIER_LEVEL_CAT, ASSESSMENT_TYPE_ELM, ASSESSMENT_TYPE_CAT, ASSESSOR_SERVICE_ELM, ASSESSOR_SERVICE_CAT, COUNTERSIGNER_SERVICE_ELM, COUNTERSIGNER_SERVICE_CAT, ETHNIC_CATEGORY_CODE_ELM, ETHNIC_CATEGORY_CODE_CAT, GENDER_ELM, GENDER_CAT, LEVEL_HEALTHCARE_REQ_ELM, LEVEL_HEALTHCARE_REQ_CAT, PREF_SPOKEN_LANGUAGE_ELM, PREF_SPOKEN_LANGUAGE_CAT, PREF_WRITE_LANGUAGE_ELM, PREF_WRITE_LANGUAGE_CAT, PURPOSE_ASSESSMENT_ELM, PURPOSE_ASSESSMENT_CAT, RELEASE_TYPE_ELM, RELEASE_TYPE_CAT, RELIGION_ELM, RELIGION_CAT, SSP_TYPE_ELM, SSP_TYPE_CAT, ASSESSMENT_STATUS_ELM, ASSESSMENT_STATUS_CAT, ROSH_LEVEL_ELM, ROSH_LEVEL_CAT, PSR_TEMPLATE_ELM, PSR_TEMPLATE_CAT, DELETE_PSR_TEMPLATE_ELM, DELETE_PSR_TEMPLATE_CAT, PSR_COURT, OASYS_ASSESSMENT_GROUP_PK, REF_ASS_VERSION_CODE, VERSION_NUMBER, ORIGINATING_AREAEST_CODE, ORIGINATING_DIVISION_CODE, ORIGINATING_TEAM_CODE, ASSESSOR_USER, COUNTERSIGNER_USER, COURT_OTHER_TEXT, RECALL_DATE, DELETED_DATE, BCS_SENT_PLAN_TEXT, ARMED_FORCES_IND, NO_SARA_REASON_ELM, NO_SARA_REASON_CAT, NO_SARA_DATE, NO_RM2000_REASON_ELM, NO_RM2000_REASON_CAT, NO_RM2000_DATE, PARENT_OASYS_SET_PK, PHYSICAL_LOCATION_OTHER, CURRENT_LOCAL_AUTHORITY_ELM, CURRENT_LOCAL_AUTHORITY_CAT, DISCHARGE_LOCAL_AUTHORITY_ELM, DISCHARGE_LOCAL_AUTHORITY_CAT, OTHER_RISK_RECON_ELM, OTHER_RISK_RECON_CAT, INVALID_SECT1_SCORE, AGE_FOLLOW_UP, CMS_LAST_EXPORT_DATE, CMS_RESEND_IND, PHYSICAL_LOCATION, CLONED_LOCKED_INCOMP_IND, MIG_GUID, MIG_ID, CHECKSUM, CREATE_DATE, CREATE_USER, LASTUPD_DATE, LASTUPD_USER, CMS_EVENT_NUMBER, NHS_NUMBER, NI_NUMBER, POST_SENT_SUPV_DATE_IND, POST_SENT_SUPV_DATE, BCS_SYSTEM_CREATED_IND, RECEPTION_DATE, BCS_CARED_FOR_CAT, BCS_CARED_FOR_ELM, MATURITY_SCORE, MATURITY_FLAG) VALUES
 (100, null, null, 'N', null, null, 'Probation Test', 'YSW', '188', null, 'test@test.com', 'Tester', null, null, null, 'N', null, null, null, null, null, null, null, null, null, null, null, null, null, null, null,null,null,null,null, null, TO_DATE('1968-09-09 00:00:00', 'YYYY-MM-DD HH24:MI:SS'), 'N', null, null, null, null, null, null, null, null, null, 'Smith', 'Sam', null, null, null, TO_DATE('2018-06-13 12:21:21', 'YYYY-MM-DD HH24:MI:SS'), null, null, null, null, null, 100, 'N', null, null, null, null, null, 'N', null, null, 'N', null, null, TO_DATE('2020-06-20 23:00:09', 'YYYY-MM-DD HH24:MI:SS'), null, null, null, null, null, 'N', null, null, null, null, null, null, null, null, null, null, null, null, null, null, null, null, null, null, null, null, 0, null, null, 4, 5, null, '1', 'TIER_LEVEL', 'LAYER_3', 'ASSESSMENT_TYPE', 'NPS', 'SERVICE', null, null, 'W1', 'ETHNIC_CATEGORY', '1', 'GENDER', null, null, 'nya', 'LANGUAGE', null, null, '550', 'PURPOSE_OF_ASSESSMENT_REASON', null, null, 'COPT', 'RELIGION', 'INITIAL', 'SENTENCE_PLAN_TYPE', 'COMPLETE', 'ASSESSMENT_STATUS', 'H', 'RISK_FLAG', null, null, null, null, null, 100, 'LAYER3', '1', 'YSW', 'YSW Default LDU', 'Default Team', 'PROBATION1', null, null, null, null, null, null, null, null, null, null, null, null, null, null, null, null, null, null, null, null, 'N', null, TO_DATE('2018-06-21 00:00:00', 'YYYY-MM-DD HH24:MI:SS'), 'N', 'YSW', 'Y', null, null, '', TO_DATE('2020-03-06 09:12:47', 'YYYY-MM-DD HH24:MI:SS'), 'PROBATION1', TO_DATE('2020-03-07 09:12:47', 'YYYY-MM-DD HH24:MI:SS'), 'PROBATION1', 2, null, null, null, null, null, null, null, null, null, null),
 (200, null, null, 'N', null, null, 'Probation Test', 'YSW', '188', null, 'test@test.com', 'Tester', null, null, null, 'N', null, null, null, null, null, null, null, null, null, null, null, null, null, null, null,null,null,null,null, null, TO_DATE('1968-09-09 00:00:00', 'YYYY-MM-DD HH24:MI:SS'), 'N', null, null, null, null, null, null, null, null, null, 'Williams', 'John', null, null, null, TO_DATE('2018-06-13 12:21:21', 'YYYY-MM-DD HH24:MI:SS'), null, null, null, null, null, 100, 'N', null, null, null, null, null, 'N', null, null, 'N', null, null, TO_DATE('2018-06-20 23:00:09', 'YYYY-MM-DD HH24:MI:SS'), null, null, null, null, null, 'N', null, null, null, null, null, null, null, null, null, null, null, null, null, null, null, null, null, null, null, null, 0, null, null, 4, 5, null, '1', 'TIER_LEVEL', 'LAYER_3', 'ASSESSMENT_TYPE', 'NPS', 'SERVICE', null, null, 'W1', 'ETHNIC_CATEGORY', '1', 'GENDER', null, null, 'nya', 'LANGUAGE', null, null, '550', 'PURPOSE_OF_ASSESSMENT_REASON', null, null, 'COPT', 'RELIGION', 'INITIAL', 'SENTENCE_PLAN_TYPE', 'OPEN', 'ASSESSMENT_STATUS', 'H', 'RISK_FLAG', null, null, null, null, null, 100, 'LAYER3', '1', 'YSW', 'YSW Default LDU', 'Default Team', 'PROBATION1', null, null, null, null, null, null, null, null, null, null, null, null, null, null, null, null, null, null, null, null, 'N', null, TO_DATE('2018-06-21 00:00:00', 'YYYY-MM-DD HH24:MI:SS'), 'N', 'YSW', 'Y', null, null, '', TO_DATE('2020-02-06 09:12:47', 'YYYY-MM-DD HH24:MI:SS'), 'PROBATION1', TO_DATE('2020-02-07 09:12:47', 'YYYY-MM-DD HH24:MI:SS'), 'PROBATION1', 2, null, null, null, null, null, null, null, null, null, null);

-- OASys sections - oasys set 100
INSERT INTO OASYS_SECTION (OASYS_SECTION_PK, OASYS_SET_PK, REF_ASS_VERSION_CODE, VERSION_NUMBER, REF_SECTION_CODE, SECTION_STATUS_ELM, SECTION_STATUS_CAT, MISSING_NOTIONAL_ELM, MISSING_NOTIONAL_CAT, SECT_OGP_WEIGHTED_SCORE, SECT_OVP_WEIGHTED_SCORE, SECT_OTHER_WEIGHTED_SCORE, SECT_OVP_RAW_SCORE, SECT_OGP_RAW_SCORE, SECT_OTHER_RAW_SCORE, LOW_SCORE_NEED_ATTN_IND, QA_REVIEW_PK, CURRENTLY_HIDDEN_IND, SECTION_PAGE_VISIBILITY, MIG_GUID, MIG_ID, CHECKSUM, CREATE_DATE, LASTUPD_DATE, CREATE_USER, LASTUPD_USER, OASYS_BCS_PART_PK) VALUES (8332386, 100, 'LAYER3', '1', '1', 'INCOMPLETE', 'SECTION_STATUS', null, null, null, null, null, null, null, null, null, null, 'N', 0, null, null, '', TO_DATE('2020-03-06 09:12:47', 'YYYY-MM-DD HH24:MI:SS'), TO_DATE('2020-03-06 09:12:47', 'YYYY-MM-DD HH24:MI:SS'), 'PROBATION1', 'PROBATION1', null);
INSERT INTO OASYS_SECTION (OASYS_SECTION_PK, OASYS_SET_PK, REF_ASS_VERSION_CODE, VERSION_NUMBER, REF_SECTION_CODE, SECTION_STATUS_ELM, SECTION_STATUS_CAT, MISSING_NOTIONAL_ELM, MISSING_NOTIONAL_CAT, SECT_OGP_WEIGHTED_SCORE, SECT_OVP_WEIGHTED_SCORE, SECT_OTHER_WEIGHTED_SCORE, SECT_OVP_RAW_SCORE, SECT_OGP_RAW_SCORE, SECT_OTHER_RAW_SCORE, LOW_SCORE_NEED_ATTN_IND, QA_REVIEW_PK, CURRENTLY_HIDDEN_IND, SECTION_PAGE_VISIBILITY, MIG_GUID, MIG_ID, CHECKSUM, CREATE_DATE, LASTUPD_DATE, CREATE_USER, LASTUPD_USER, OASYS_BCS_PART_PK) VALUES (8332387, 100, 'LAYER3', '1', '2', 'INCOMPLETE', 'SECTION_STATUS', null, null, null, 0, null, 0, null, null, 'N', null, 'N', 0, null, null, '', TO_DATE('2020-03-06 09:12:48', 'YYYY-MM-DD HH24:MI:SS'), TO_DATE('2020-03-06 09:12:48', 'YYYY-MM-DD HH24:MI:SS'), 'PROBATION1', 'PROBATION1', null);
INSERT INTO OASYS_SECTION (OASYS_SECTION_PK, OASYS_SET_PK, REF_ASS_VERSION_CODE, VERSION_NUMBER, REF_SECTION_CODE, SECTION_STATUS_ELM, SECTION_STATUS_CAT, MISSING_NOTIONAL_ELM, MISSING_NOTIONAL_CAT, SECT_OGP_WEIGHTED_SCORE, SECT_OVP_WEIGHTED_SCORE, SECT_OTHER_WEIGHTED_SCORE, SECT_OVP_RAW_SCORE, SECT_OGP_RAW_SCORE, SECT_OTHER_RAW_SCORE, LOW_SCORE_NEED_ATTN_IND, QA_REVIEW_PK, CURRENTLY_HIDDEN_IND, SECTION_PAGE_VISIBILITY, MIG_GUID, MIG_ID, CHECKSUM, CREATE_DATE, LASTUPD_DATE, CREATE_USER, LASTUPD_USER, OASYS_BCS_PART_PK) VALUES (8332388, 100, 'LAYER3', '1', '3', 'INCOMPLETE', 'SECTION_STATUS', null, null, 0, 0, 0, 0, 0, null, 'N', null, 'N', 0, null, null, '', TO_DATE('2020-03-06 09:12:48', 'YYYY-MM-DD HH24:MI:SS'), TO_DATE('2020-03-06 09:12:48', 'YYYY-MM-DD HH24:MI:SS'), 'PROBATION1', 'PROBATION1', null);
INSERT INTO OASYS_SECTION (OASYS_SECTION_PK, OASYS_SET_PK, REF_ASS_VERSION_CODE, VERSION_NUMBER, REF_SECTION_CODE, SECTION_STATUS_ELM, SECTION_STATUS_CAT, MISSING_NOTIONAL_ELM, MISSING_NOTIONAL_CAT, SECT_OGP_WEIGHTED_SCORE, SECT_OVP_WEIGHTED_SCORE, SECT_OTHER_WEIGHTED_SCORE, SECT_OVP_RAW_SCORE, SECT_OGP_RAW_SCORE, SECT_OTHER_RAW_SCORE, LOW_SCORE_NEED_ATTN_IND, QA_REVIEW_PK, CURRENTLY_HIDDEN_IND, SECTION_PAGE_VISIBILITY, MIG_GUID, MIG_ID, CHECKSUM, CREATE_DATE, LASTUPD_DATE, CREATE_USER, LASTUPD_USER, OASYS_BCS_PART_PK) VALUES (8332389, 100, 'LAYER3', '1', '4', 'INCOMPLETE', 'SECTION_STATUS', null, null, 0, 0, 0, 0, 0, null, 'N', null, 'N', 0, null, null, '', TO_DATE('2020-03-06 09:12:48', 'YYYY-MM-DD HH24:MI:SS'), TO_DATE('2020-03-06 09:12:48', 'YYYY-MM-DD HH24:MI:SS'), 'PROBATION1', 'PROBATION1', null);
INSERT INTO OASYS_SECTION (OASYS_SECTION_PK, OASYS_SET_PK, REF_ASS_VERSION_CODE, VERSION_NUMBER, REF_SECTION_CODE, SECTION_STATUS_ELM, SECTION_STATUS_CAT, MISSING_NOTIONAL_ELM, MISSING_NOTIONAL_CAT, SECT_OGP_WEIGHTED_SCORE, SECT_OVP_WEIGHTED_SCORE, SECT_OTHER_WEIGHTED_SCORE, SECT_OVP_RAW_SCORE, SECT_OGP_RAW_SCORE, SECT_OTHER_RAW_SCORE, LOW_SCORE_NEED_ATTN_IND, QA_REVIEW_PK, CURRENTLY_HIDDEN_IND, SECTION_PAGE_VISIBILITY, MIG_GUID, MIG_ID, CHECKSUM, CREATE_DATE, LASTUPD_DATE, CREATE_USER, LASTUPD_USER, OASYS_BCS_PART_PK) VALUES (8332390, 100, 'LAYER3', '1', '5', 'INCOMPLETE', 'SECTION_STATUS', null, null, null, null, null, null, null, null, null, null, 'N', 0, null, null, '', TO_DATE('2020-03-06 09:12:48', 'YYYY-MM-DD HH24:MI:SS'), TO_DATE('2020-03-06 09:12:48', 'YYYY-MM-DD HH24:MI:SS'), 'PROBATION1', 'PROBATION1', null);
INSERT INTO OASYS_SECTION (OASYS_SECTION_PK, OASYS_SET_PK, REF_ASS_VERSION_CODE, VERSION_NUMBER, REF_SECTION_CODE, SECTION_STATUS_ELM, SECTION_STATUS_CAT, MISSING_NOTIONAL_ELM, MISSING_NOTIONAL_CAT, SECT_OGP_WEIGHTED_SCORE, SECT_OVP_WEIGHTED_SCORE, SECT_OTHER_WEIGHTED_SCORE, SECT_OVP_RAW_SCORE, SECT_OGP_RAW_SCORE, SECT_OTHER_RAW_SCORE, LOW_SCORE_NEED_ATTN_IND, QA_REVIEW_PK, CURRENTLY_HIDDEN_IND, SECTION_PAGE_VISIBILITY, MIG_GUID, MIG_ID, CHECKSUM, CREATE_DATE, LASTUPD_DATE, CREATE_USER, LASTUPD_USER, OASYS_BCS_PART_PK) VALUES (8332391, 100, 'LAYER3', '1', '6', 'INCOMPLETE', 'SECTION_STATUS', null, null, null, null, 5, null, null, null, null, null, 'N', 0, null, null, '', TO_DATE('2020-03-06 09:12:48', 'YYYY-MM-DD HH24:MI:SS'), TO_DATE('2020-03-06 09:12:48', 'YYYY-MM-DD HH24:MI:SS'), 'PROBATION1', 'PROBATION1', null);
INSERT INTO OASYS_SECTION (OASYS_SECTION_PK, OASYS_SET_PK, REF_ASS_VERSION_CODE, VERSION_NUMBER, REF_SECTION_CODE, SECTION_STATUS_ELM, SECTION_STATUS_CAT, MISSING_NOTIONAL_ELM, MISSING_NOTIONAL_CAT, SECT_OGP_WEIGHTED_SCORE, SECT_OVP_WEIGHTED_SCORE, SECT_OTHER_WEIGHTED_SCORE, SECT_OVP_RAW_SCORE, SECT_OGP_RAW_SCORE, SECT_OTHER_RAW_SCORE, LOW_SCORE_NEED_ATTN_IND, QA_REVIEW_PK, CURRENTLY_HIDDEN_IND, SECTION_PAGE_VISIBILITY, MIG_GUID, MIG_ID, CHECKSUM, CREATE_DATE, LASTUPD_DATE, CREATE_USER, LASTUPD_USER, OASYS_BCS_PART_PK) VALUES (8332392, 100, 'LAYER3', '1', '7', 'INCOMPLETE', 'SECTION_STATUS', null, null, 0, null, 0, null, 0, null, 'N', null, 'N', 0, null, null, '', TO_DATE('2020-03-06 09:12:49', 'YYYY-MM-DD HH24:MI:SS'), TO_DATE('2020-03-06 09:12:49', 'YYYY-MM-DD HH24:MI:SS'), 'PROBATION1', 'PROBATION1', null);
INSERT INTO OASYS_SECTION (OASYS_SECTION_PK, OASYS_SET_PK, REF_ASS_VERSION_CODE, VERSION_NUMBER, REF_SECTION_CODE, SECTION_STATUS_ELM, SECTION_STATUS_CAT, MISSING_NOTIONAL_ELM, MISSING_NOTIONAL_CAT, SECT_OGP_WEIGHTED_SCORE, SECT_OVP_WEIGHTED_SCORE, SECT_OTHER_WEIGHTED_SCORE, SECT_OVP_RAW_SCORE, SECT_OGP_RAW_SCORE, SECT_OTHER_RAW_SCORE, LOW_SCORE_NEED_ATTN_IND, QA_REVIEW_PK, CURRENTLY_HIDDEN_IND, SECTION_PAGE_VISIBILITY, MIG_GUID, MIG_ID, CHECKSUM, CREATE_DATE, LASTUPD_DATE, CREATE_USER, LASTUPD_USER, OASYS_BCS_PART_PK) VALUES (8332393, 100, 'LAYER3', '1', '8', 'INCOMPLETE', 'SECTION_STATUS', null, null, 0, null, 0, null, 0, null, 'N', null, 'N', 0, null, null, '', TO_DATE('2020-03-06 09:12:49', 'YYYY-MM-DD HH24:MI:SS'), TO_DATE('2020-03-06 09:12:49', 'YYYY-MM-DD HH24:MI:SS'), 'PROBATION1', 'PROBATION1', null);
INSERT INTO OASYS_SECTION (OASYS_SECTION_PK, OASYS_SET_PK, REF_ASS_VERSION_CODE, VERSION_NUMBER, REF_SECTION_CODE, SECTION_STATUS_ELM, SECTION_STATUS_CAT, MISSING_NOTIONAL_ELM, MISSING_NOTIONAL_CAT, SECT_OGP_WEIGHTED_SCORE, SECT_OVP_WEIGHTED_SCORE, SECT_OTHER_WEIGHTED_SCORE, SECT_OVP_RAW_SCORE, SECT_OGP_RAW_SCORE, SECT_OTHER_RAW_SCORE, LOW_SCORE_NEED_ATTN_IND, QA_REVIEW_PK, CURRENTLY_HIDDEN_IND, SECTION_PAGE_VISIBILITY, MIG_GUID, MIG_ID, CHECKSUM, CREATE_DATE, LASTUPD_DATE, CREATE_USER, LASTUPD_USER, OASYS_BCS_PART_PK) VALUES (8332394, 100, 'LAYER3', '1', '9', 'INCOMPLETE', 'SECTION_STATUS', null, null, null, 8, 7, 3, null, null, null, null, 'N', 0, null, null, '', TO_DATE('2020-03-06 09:12:49', 'YYYY-MM-DD HH24:MI:SS'), TO_DATE('2020-03-06 09:12:49', 'YYYY-MM-DD HH24:MI:SS'), 'PROBATION1', 'PROBATION1', null);
INSERT INTO OASYS_SECTION (OASYS_SECTION_PK, OASYS_SET_PK, REF_ASS_VERSION_CODE, VERSION_NUMBER, REF_SECTION_CODE, SECTION_STATUS_ELM, SECTION_STATUS_CAT, MISSING_NOTIONAL_ELM, MISSING_NOTIONAL_CAT, SECT_OGP_WEIGHTED_SCORE, SECT_OVP_WEIGHTED_SCORE, SECT_OTHER_WEIGHTED_SCORE, SECT_OVP_RAW_SCORE, SECT_OGP_RAW_SCORE, SECT_OTHER_RAW_SCORE, LOW_SCORE_NEED_ATTN_IND, QA_REVIEW_PK, CURRENTLY_HIDDEN_IND, SECTION_PAGE_VISIBILITY, MIG_GUID, MIG_ID, CHECKSUM, CREATE_DATE, LASTUPD_DATE, CREATE_USER, LASTUPD_USER, OASYS_BCS_PART_PK) VALUES (8332395, 100, 'LAYER3', '1', '10', 'INCOMPLETE', 'SECTION_STATUS', null, null, null, 0, null, 0, null, null, null, null, 'N', 0, null, null, '', TO_DATE('2020-03-06 09:12:49', 'YYYY-MM-DD HH24:MI:SS'), TO_DATE('2020-03-06 09:12:49', 'YYYY-MM-DD HH24:MI:SS'), 'PROBATION1', 'PROBATION1', null);
INSERT INTO OASYS_SECTION (OASYS_SECTION_PK, OASYS_SET_PK, REF_ASS_VERSION_CODE, VERSION_NUMBER, REF_SECTION_CODE, SECTION_STATUS_ELM, SECTION_STATUS_CAT, MISSING_NOTIONAL_ELM, MISSING_NOTIONAL_CAT, SECT_OGP_WEIGHTED_SCORE, SECT_OVP_WEIGHTED_SCORE, SECT_OTHER_WEIGHTED_SCORE, SECT_OVP_RAW_SCORE, SECT_OGP_RAW_SCORE, SECT_OTHER_RAW_SCORE, LOW_SCORE_NEED_ATTN_IND, QA_REVIEW_PK, CURRENTLY_HIDDEN_IND, SECTION_PAGE_VISIBILITY, MIG_GUID, MIG_ID, CHECKSUM, CREATE_DATE, LASTUPD_DATE, CREATE_USER, LASTUPD_USER, OASYS_BCS_PART_PK) VALUES (8332396, 100, 'LAYER3', '1', '11', 'INCOMPLETE', 'SECTION_STATUS', null, null, 0, 0, 0, 0, 0, null, 'N', null, 'N', 0, null, null, '', TO_DATE('2020-03-06 09:12:49', 'YYYY-MM-DD HH24:MI:SS'), TO_DATE('2020-03-06 09:12:49', 'YYYY-MM-DD HH24:MI:SS'), 'PROBATION1', 'PROBATION1', null);
INSERT INTO OASYS_SECTION (OASYS_SECTION_PK, OASYS_SET_PK, REF_ASS_VERSION_CODE, VERSION_NUMBER, REF_SECTION_CODE, SECTION_STATUS_ELM, SECTION_STATUS_CAT, MISSING_NOTIONAL_ELM, MISSING_NOTIONAL_CAT, SECT_OGP_WEIGHTED_SCORE, SECT_OVP_WEIGHTED_SCORE, SECT_OTHER_WEIGHTED_SCORE, SECT_OVP_RAW_SCORE, SECT_OGP_RAW_SCORE, SECT_OTHER_RAW_SCORE, LOW_SCORE_NEED_ATTN_IND, QA_REVIEW_PK, CURRENTLY_HIDDEN_IND, SECTION_PAGE_VISIBILITY, MIG_GUID, MIG_ID, CHECKSUM, CREATE_DATE, LASTUPD_DATE, CREATE_USER, LASTUPD_USER, OASYS_BCS_PART_PK) VALUES (8332397, 100, 'LAYER3', '1', '12', 'INCOMPLETE', 'SECTION_STATUS', null, null, 4, 5, 7, 7, 7, null, null, null, 'N', 0, null, null, '', TO_DATE('2020-03-06 09:12:49', 'YYYY-MM-DD HH24:MI:SS'), TO_DATE('2020-03-06 09:12:49', 'YYYY-MM-DD HH24:MI:SS'), 'PROBATION1', 'PROBATION1', null);
INSERT INTO OASYS_SECTION (OASYS_SECTION_PK, OASYS_SET_PK, REF_ASS_VERSION_CODE, VERSION_NUMBER, REF_SECTION_CODE, SECTION_STATUS_ELM, SECTION_STATUS_CAT, MISSING_NOTIONAL_ELM, MISSING_NOTIONAL_CAT, SECT_OGP_WEIGHTED_SCORE, SECT_OVP_WEIGHTED_SCORE, SECT_OTHER_WEIGHTED_SCORE, SECT_OVP_RAW_SCORE, SECT_OGP_RAW_SCORE, SECT_OTHER_RAW_SCORE, LOW_SCORE_NEED_ATTN_IND, QA_REVIEW_PK, CURRENTLY_HIDDEN_IND, SECTION_PAGE_VISIBILITY, MIG_GUID, MIG_ID, CHECKSUM, CREATE_DATE, LASTUPD_DATE, CREATE_USER, LASTUPD_USER, OASYS_BCS_PART_PK) VALUES (8332398, 100, 'LAYER3', '1', '13', 'INCOMPLETE', 'SECTION_STATUS', null, null, null, null, null, null, null, null, null, null, 'N', 0, null, null, '', TO_DATE('2020-03-06 09:12:49', 'YYYY-MM-DD HH24:MI:SS'), TO_DATE('2020-03-06 09:12:49', 'YYYY-MM-DD HH24:MI:SS'), 'PROBATION1', 'PROBATION1', null);
INSERT INTO OASYS_SECTION (OASYS_SECTION_PK, OASYS_SET_PK, REF_ASS_VERSION_CODE, VERSION_NUMBER, REF_SECTION_CODE, SECTION_STATUS_ELM, SECTION_STATUS_CAT, MISSING_NOTIONAL_ELM, MISSING_NOTIONAL_CAT, SECT_OGP_WEIGHTED_SCORE, SECT_OVP_WEIGHTED_SCORE, SECT_OTHER_WEIGHTED_SCORE, SECT_OVP_RAW_SCORE, SECT_OGP_RAW_SCORE, SECT_OTHER_RAW_SCORE, LOW_SCORE_NEED_ATTN_IND, QA_REVIEW_PK, CURRENTLY_HIDDEN_IND, SECTION_PAGE_VISIBILITY, MIG_GUID, MIG_ID, CHECKSUM, CREATE_DATE, LASTUPD_DATE, CREATE_USER, LASTUPD_USER, OASYS_BCS_PART_PK) VALUES (8332399, 100, 'LAYER3', '1', 'SAQ', 'INCOMPLETE', 'SECTION_STATUS', null, null, null, null, null, null, null, null, null, null, 'N', 0, null, null, '', TO_DATE('2020-03-06 09:12:50', 'YYYY-MM-DD HH24:MI:SS'), TO_DATE('2020-03-06 09:12:50', 'YYYY-MM-DD HH24:MI:SS'), 'PROBATION1', 'PROBATION1', null);
INSERT INTO OASYS_SECTION (OASYS_SECTION_PK, OASYS_SET_PK, REF_ASS_VERSION_CODE, VERSION_NUMBER, REF_SECTION_CODE, SECTION_STATUS_ELM, SECTION_STATUS_CAT, MISSING_NOTIONAL_ELM, MISSING_NOTIONAL_CAT, SECT_OGP_WEIGHTED_SCORE, SECT_OVP_WEIGHTED_SCORE, SECT_OTHER_WEIGHTED_SCORE, SECT_OVP_RAW_SCORE, SECT_OGP_RAW_SCORE, SECT_OTHER_RAW_SCORE, LOW_SCORE_NEED_ATTN_IND, QA_REVIEW_PK, CURRENTLY_HIDDEN_IND, SECTION_PAGE_VISIBILITY, MIG_GUID, MIG_ID, CHECKSUM, CREATE_DATE, LASTUPD_DATE, CREATE_USER, LASTUPD_USER, OASYS_BCS_PART_PK) VALUES (8332400, 100, 'LAYER3', '1', 'ROSH', 'INCOMPLETE', 'SECTION_STATUS', null, null, null, null, null, null, null, null, null, null, 'N', 0, null, null, '', TO_DATE('2020-03-06 09:12:50', 'YYYY-MM-DD HH24:MI:SS'), TO_DATE('2020-03-06 09:12:50', 'YYYY-MM-DD HH24:MI:SS'), 'PROBATION1', 'PROBATION1', null);
INSERT INTO OASYS_SECTION (OASYS_SECTION_PK, OASYS_SET_PK, REF_ASS_VERSION_CODE, VERSION_NUMBER, REF_SECTION_CODE, SECTION_STATUS_ELM, SECTION_STATUS_CAT, MISSING_NOTIONAL_ELM, MISSING_NOTIONAL_CAT, SECT_OGP_WEIGHTED_SCORE, SECT_OVP_WEIGHTED_SCORE, SECT_OTHER_WEIGHTED_SCORE, SECT_OVP_RAW_SCORE, SECT_OGP_RAW_SCORE, SECT_OTHER_RAW_SCORE, LOW_SCORE_NEED_ATTN_IND, QA_REVIEW_PK, CURRENTLY_HIDDEN_IND, SECTION_PAGE_VISIBILITY, MIG_GUID, MIG_ID, CHECKSUM, CREATE_DATE, LASTUPD_DATE, CREATE_USER, LASTUPD_USER, OASYS_BCS_PART_PK) VALUES (8332401, 100, 'LAYER3', '1', 'ROSHFULL', 'INCOMPLETE', 'SECTION_STATUS', null, null, null, null, null, null, null, null, null, null, 'N', 3, null, null, '', TO_DATE('2020-03-06 09:12:50', 'YYYY-MM-DD HH24:MI:SS'), TO_DATE('2020-03-06 09:12:50', 'YYYY-MM-DD HH24:MI:SS'), 'PROBATION1', 'PROBATION1', null);
INSERT INTO OASYS_SECTION (OASYS_SECTION_PK, OASYS_SET_PK, REF_ASS_VERSION_CODE, VERSION_NUMBER, REF_SECTION_CODE, SECTION_STATUS_ELM, SECTION_STATUS_CAT, MISSING_NOTIONAL_ELM, MISSING_NOTIONAL_CAT, SECT_OGP_WEIGHTED_SCORE, SECT_OVP_WEIGHTED_SCORE, SECT_OTHER_WEIGHTED_SCORE, SECT_OVP_RAW_SCORE, SECT_OGP_RAW_SCORE, SECT_OTHER_RAW_SCORE, LOW_SCORE_NEED_ATTN_IND, QA_REVIEW_PK, CURRENTLY_HIDDEN_IND, SECTION_PAGE_VISIBILITY, MIG_GUID, MIG_ID, CHECKSUM, CREATE_DATE, LASTUPD_DATE, CREATE_USER, LASTUPD_USER, OASYS_BCS_PART_PK) VALUES (8332402, 100, 'LAYER3', '1', 'ROSHSUM', 'INCOMPLETE', 'SECTION_STATUS', null, null, null, null, null, null, null, null, null, null, 'N', 0, null, null, '', TO_DATE('2020-03-06 09:12:50', 'YYYY-MM-DD HH24:MI:SS'), TO_DATE('2020-03-06 09:12:50', 'YYYY-MM-DD HH24:MI:SS'), 'PROBATION1', 'PROBATION1', null);
INSERT INTO OASYS_SECTION (OASYS_SECTION_PK, OASYS_SET_PK, REF_ASS_VERSION_CODE, VERSION_NUMBER, REF_SECTION_CODE, SECTION_STATUS_ELM, SECTION_STATUS_CAT, MISSING_NOTIONAL_ELM, MISSING_NOTIONAL_CAT, SECT_OGP_WEIGHTED_SCORE, SECT_OVP_WEIGHTED_SCORE, SECT_OTHER_WEIGHTED_SCORE, SECT_OVP_RAW_SCORE, SECT_OGP_RAW_SCORE, SECT_OTHER_RAW_SCORE, LOW_SCORE_NEED_ATTN_IND, QA_REVIEW_PK, CURRENTLY_HIDDEN_IND, SECTION_PAGE_VISIBILITY, MIG_GUID, MIG_ID, CHECKSUM, CREATE_DATE, LASTUPD_DATE, CREATE_USER, LASTUPD_USER, OASYS_BCS_PART_PK) VALUES (8332403, 100, 'LAYER3', '1', 'RMP', 'INCOMPLETE', 'SECTION_STATUS', null, null, null, null, null, null, null, null, null, null, 'N', 0, null, null, '', TO_DATE('2020-03-06 09:12:50', 'YYYY-MM-DD HH24:MI:SS'), TO_DATE('2020-03-06 09:12:50', 'YYYY-MM-DD HH24:MI:SS'), 'PROBATION1', 'PROBATION1', null);
INSERT INTO OASYS_SECTION (OASYS_SECTION_PK, OASYS_SET_PK, REF_ASS_VERSION_CODE, VERSION_NUMBER, REF_SECTION_CODE, SECTION_STATUS_ELM, SECTION_STATUS_CAT, MISSING_NOTIONAL_ELM, MISSING_NOTIONAL_CAT, SECT_OGP_WEIGHTED_SCORE, SECT_OVP_WEIGHTED_SCORE, SECT_OTHER_WEIGHTED_SCORE, SECT_OVP_RAW_SCORE, SECT_OGP_RAW_SCORE, SECT_OTHER_RAW_SCORE, LOW_SCORE_NEED_ATTN_IND, QA_REVIEW_PK, CURRENTLY_HIDDEN_IND, SECTION_PAGE_VISIBILITY, MIG_GUID, MIG_ID, CHECKSUM, CREATE_DATE, LASTUPD_DATE, CREATE_USER, LASTUPD_USER, OASYS_BCS_PART_PK) VALUES (8332404, 100, 'LAYER3', '1', 'SKILLSCHECKER', 'INCOMPLETE', 'SECTION_STATUS', null, null, null, null, null, null, null, null, null, null, 'N', 0, null, null, '', TO_DATE('2020-03-06 09:12:50', 'YYYY-MM-DD HH24:MI:SS'), TO_DATE('2020-03-06 09:12:50', 'YYYY-MM-DD HH24:MI:SS'), 'PROBATION1', 'PROBATION1', null);
INSERT INTO OASYS_SECTION (OASYS_SECTION_PK, OASYS_SET_PK, REF_ASS_VERSION_CODE, VERSION_NUMBER, REF_SECTION_CODE, SECTION_STATUS_ELM, SECTION_STATUS_CAT, MISSING_NOTIONAL_ELM, MISSING_NOTIONAL_CAT, SECT_OGP_WEIGHTED_SCORE, SECT_OVP_WEIGHTED_SCORE, SECT_OTHER_WEIGHTED_SCORE, SECT_OVP_RAW_SCORE, SECT_OGP_RAW_SCORE, SECT_OTHER_RAW_SCORE, LOW_SCORE_NEED_ATTN_IND, QA_REVIEW_PK, CURRENTLY_HIDDEN_IND, SECTION_PAGE_VISIBILITY, MIG_GUID, MIG_ID, CHECKSUM, CREATE_DATE, LASTUPD_DATE, CREATE_USER, LASTUPD_USER, OASYS_BCS_PART_PK) VALUES (8332405, 100, 'LAYER3', '1', 'ISP', 'INCOMPLETE', 'SECTION_STATUS', null, null, null, null, null, null, null, null, null, null, 'N', 0, null, null, '', TO_DATE('2020-03-06 09:12:51', 'YYYY-MM-DD HH24:MI:SS'), TO_DATE('2020-03-06 09:12:51', 'YYYY-MM-DD HH24:MI:SS'), 'PROBATION1', 'PROBATION1', null);


-- OASys Questions - ISP section only for sentence plans
INSERT INTO OASYS_QUESTION (OASYS_QUESTION_PK, ADDITIONAL_NOTE, OASYS_SECTION_PK, FREE_FORMAT_ANSWER, DISPLAY_SCORE, REF_ASS_VERSION_CODE, VERSION_NUMBER, REF_SECTION_CODE, REF_QUESTION_CODE, DISCLOSED_IND, CURRENTLY_HIDDEN_IND, MIG_GUID, MIG_ID, CHECKSUM, CREATE_DATE, CREATE_USER, LASTUPD_DATE, LASTUPD_USER) VALUES (7690131, 'test', 8332405, null, null, 'LAYER3', '1', 'ISP', 'IP.15', 'N', 'N', null, null, '', TO_DATE('2020-03-06 09:21:51', 'YYYY-MM-DD HH24:MI:SS'), 'PROBATION1', TO_DATE('2020-03-06 09:21:51', 'YYYY-MM-DD HH24:MI:SS'), 'PROBATION1');
INSERT INTO OASYS_QUESTION (OASYS_QUESTION_PK, ADDITIONAL_NOTE, OASYS_SECTION_PK, FREE_FORMAT_ANSWER, DISPLAY_SCORE, REF_ASS_VERSION_CODE, VERSION_NUMBER, REF_SECTION_CODE, REF_QUESTION_CODE, DISCLOSED_IND, CURRENTLY_HIDDEN_IND, MIG_GUID, MIG_ID, CHECKSUM, CREATE_DATE, CREATE_USER, LASTUPD_DATE, LASTUPD_USER) VALUES (7690132, 'test', 8332405, null, null, 'LAYER3', '1', 'ISP', 'IP.16', 'N', 'N', null, null, '', TO_DATE('2020-03-06 09:21:51', 'YYYY-MM-DD HH24:MI:SS'), 'PROBATION1', TO_DATE('2020-03-06 09:21:51', 'YYYY-MM-DD HH24:MI:SS'), 'PROBATION1');
INSERT INTO OASYS_QUESTION (OASYS_QUESTION_PK, ADDITIONAL_NOTE, OASYS_SECTION_PK, FREE_FORMAT_ANSWER, DISPLAY_SCORE, REF_ASS_VERSION_CODE, VERSION_NUMBER, REF_SECTION_CODE, REF_QUESTION_CODE, DISCLOSED_IND, CURRENTLY_HIDDEN_IND, MIG_GUID, MIG_ID, CHECKSUM, CREATE_DATE, CREATE_USER, LASTUPD_DATE, LASTUPD_USER) VALUES (7690133, 'test', 8332405, null, null, 'LAYER3', '1', 'ISP', 'IP.17.t', 'N', 'N', null, null, '', TO_DATE('2020-03-06 09:21:51', 'YYYY-MM-DD HH24:MI:SS'), 'PROBATION1', TO_DATE('2020-03-06 09:21:51', 'YYYY-MM-DD HH24:MI:SS'), 'PROBATION1');
INSERT INTO OASYS_QUESTION (OASYS_QUESTION_PK, ADDITIONAL_NOTE, OASYS_SECTION_PK, FREE_FORMAT_ANSWER, DISPLAY_SCORE, REF_ASS_VERSION_CODE, VERSION_NUMBER, REF_SECTION_CODE, REF_QUESTION_CODE, DISCLOSED_IND, CURRENTLY_HIDDEN_IND, MIG_GUID, MIG_ID, CHECKSUM, CREATE_DATE, CREATE_USER, LASTUPD_DATE, LASTUPD_USER) VALUES (7690134, 'tset', 8332405, null, null, 'LAYER3', '1', 'ISP', 'IP.19', 'N', 'N', null, null, '', TO_DATE('2020-03-06 09:21:51', 'YYYY-MM-DD HH24:MI:SS'), 'PROBATION1', TO_DATE('2020-03-06 09:21:51', 'YYYY-MM-DD HH24:MI:SS'), 'PROBATION1');
INSERT INTO OASYS_QUESTION (OASYS_QUESTION_PK, ADDITIONAL_NOTE, OASYS_SECTION_PK, FREE_FORMAT_ANSWER, DISPLAY_SCORE, REF_ASS_VERSION_CODE, VERSION_NUMBER, REF_SECTION_CODE, REF_QUESTION_CODE, DISCLOSED_IND, CURRENTLY_HIDDEN_IND, MIG_GUID, MIG_ID, CHECKSUM, CREATE_DATE, CREATE_USER, LASTUPD_DATE, LASTUPD_USER) VALUES (7690135, 'test', 8332405, null, null, 'LAYER3', '1', 'ISP', 'IP.25', 'N', 'N', null, null, '', TO_DATE('2020-03-06 09:21:51', 'YYYY-MM-DD HH24:MI:SS'), 'PROBATION1', TO_DATE('2020-03-06 09:21:51', 'YYYY-MM-DD HH24:MI:SS'), 'PROBATION1');
INSERT INTO OASYS_QUESTION (OASYS_QUESTION_PK, ADDITIONAL_NOTE, OASYS_SECTION_PK, FREE_FORMAT_ANSWER, DISPLAY_SCORE, REF_ASS_VERSION_CODE, VERSION_NUMBER, REF_SECTION_CODE, REF_QUESTION_CODE, DISCLOSED_IND, CURRENTLY_HIDDEN_IND, MIG_GUID, MIG_ID, CHECKSUM, CREATE_DATE, CREATE_USER, LASTUPD_DATE, LASTUPD_USER) VALUES (7690136, null, 8332405, 'test', null, 'LAYER3', '1', 'ISP', 'IP.27', 'N', 'N', null, null, '', TO_DATE('2020-03-06 09:21:51', 'YYYY-MM-DD HH24:MI:SS'), 'PROBATION1', TO_DATE('2020-03-06 09:21:51', 'YYYY-MM-DD HH24:MI:SS'), 'PROBATION1');
INSERT INTO OASYS_QUESTION (OASYS_QUESTION_PK, ADDITIONAL_NOTE, OASYS_SECTION_PK, FREE_FORMAT_ANSWER, DISPLAY_SCORE, REF_ASS_VERSION_CODE, VERSION_NUMBER, REF_SECTION_CODE, REF_QUESTION_CODE, DISCLOSED_IND, CURRENTLY_HIDDEN_IND, MIG_GUID, MIG_ID, CHECKSUM, CREATE_DATE, CREATE_USER, LASTUPD_DATE, LASTUPD_USER) VALUES (7690137, null, 8332405, 'test', null, 'LAYER3', '1', 'ISP', 'IP.36', 'N', 'N', null, null, '', TO_DATE('2020-03-06 09:21:51', 'YYYY-MM-DD HH24:MI:SS'), 'PROBATION1', TO_DATE('2020-03-06 09:21:51', 'YYYY-MM-DD HH24:MI:SS'), 'PROBATION1');
INSERT INTO OASYS_QUESTION (OASYS_QUESTION_PK, ADDITIONAL_NOTE, OASYS_SECTION_PK, FREE_FORMAT_ANSWER, DISPLAY_SCORE, REF_ASS_VERSION_CODE, VERSION_NUMBER, REF_SECTION_CODE, REF_QUESTION_CODE, DISCLOSED_IND, CURRENTLY_HIDDEN_IND, MIG_GUID, MIG_ID, CHECKSUM, CREATE_DATE, CREATE_USER, LASTUPD_DATE, LASTUPD_USER) VALUES (7690138, null, 8332405, '10/12/2012', null, 'LAYER3', '1', 'ISP', 'IP.38', 'N', 'N', null, null, '', TO_DATE('2020-03-06 09:21:51', 'YYYY-MM-DD HH24:MI:SS'), 'PROBATION1', TO_DATE('2020-03-06 09:21:51', 'YYYY-MM-DD HH24:MI:SS'), 'PROBATION1');
INSERT INTO OASYS_QUESTION (OASYS_QUESTION_PK, ADDITIONAL_NOTE, OASYS_SECTION_PK, FREE_FORMAT_ANSWER, DISPLAY_SCORE, REF_ASS_VERSION_CODE, VERSION_NUMBER, REF_SECTION_CODE, REF_QUESTION_CODE, DISCLOSED_IND, CURRENTLY_HIDDEN_IND, MIG_GUID, MIG_ID, CHECKSUM, CREATE_DATE, CREATE_USER, LASTUPD_DATE, LASTUPD_USER) VALUES (7690139, null, 8332405, 'test', null, 'LAYER3', '1', 'ISP', 'IP.39', 'N', 'N', null, null, '', TO_DATE('2020-03-06 09:21:51', 'YYYY-MM-DD HH24:MI:SS'), 'PROBATION1', TO_DATE('2020-03-06 09:21:51', 'YYYY-MM-DD HH24:MI:SS'), 'PROBATION1');
INSERT INTO OASYS_QUESTION (OASYS_QUESTION_PK, ADDITIONAL_NOTE, OASYS_SECTION_PK, FREE_FORMAT_ANSWER, DISPLAY_SCORE, REF_ASS_VERSION_CODE, VERSION_NUMBER, REF_SECTION_CODE, REF_QUESTION_CODE, DISCLOSED_IND, CURRENTLY_HIDDEN_IND, MIG_GUID, MIG_ID, CHECKSUM, CREATE_DATE, CREATE_USER, LASTUPD_DATE, LASTUPD_USER) VALUES (7690113, null, 8332405, 'Probation Officer', null, 'LAYER3', '1', 'ISP', 'IP.20', 'N', 'N', null, null, '', TO_DATE('2020-03-06 09:12:51', 'YYYY-MM-DD HH24:MI:SS'), 'PROBATION1', TO_DATE('2020-03-06 09:12:51', 'YYYY-MM-DD HH24:MI:SS'), 'PROBATION1');
INSERT INTO OASYS_QUESTION (OASYS_QUESTION_PK, ADDITIONAL_NOTE, OASYS_SECTION_PK, FREE_FORMAT_ANSWER, DISPLAY_SCORE, REF_ASS_VERSION_CODE, VERSION_NUMBER, REF_SECTION_CODE, REF_QUESTION_CODE, DISCLOSED_IND, CURRENTLY_HIDDEN_IND, MIG_GUID, MIG_ID, CHECKSUM, CREATE_DATE, CREATE_USER, LASTUPD_DATE, LASTUPD_USER) VALUES (7690114, null, 8332405, null, null, 'LAYER3', '1', 'ISP', 'IP.17', 'N', 'N', null, null, '', TO_DATE('2020-03-06 09:12:51', 'YYYY-MM-DD HH24:MI:SS'), 'PROBATION1', TO_DATE('2020-03-06 09:12:51', 'YYYY-MM-DD HH24:MI:SS'), 'PROBATION1');
INSERT INTO OASYS_QUESTION (OASYS_QUESTION_PK, ADDITIONAL_NOTE, OASYS_SECTION_PK, FREE_FORMAT_ANSWER, DISPLAY_SCORE, REF_ASS_VERSION_CODE, VERSION_NUMBER, REF_SECTION_CODE, REF_QUESTION_CODE, DISCLOSED_IND, CURRENTLY_HIDDEN_IND, MIG_GUID, MIG_ID, CHECKSUM, CREATE_DATE, CREATE_USER, LASTUPD_DATE, LASTUPD_USER) VALUES (7690115, null, 8332405, null, null, 'LAYER3', '1', 'ISP', 'IP.21', 'N', 'N', null, null, '', TO_DATE('2020-03-06 09:12:51', 'YYYY-MM-DD HH24:MI:SS'), 'PROBATION1', TO_DATE('2020-03-06 09:12:51', 'YYYY-MM-DD HH24:MI:SS'), 'PROBATION1');
INSERT INTO OASYS_QUESTION (OASYS_QUESTION_PK, ADDITIONAL_NOTE, OASYS_SECTION_PK, FREE_FORMAT_ANSWER, DISPLAY_SCORE, REF_ASS_VERSION_CODE, VERSION_NUMBER, REF_SECTION_CODE, REF_QUESTION_CODE, DISCLOSED_IND, CURRENTLY_HIDDEN_IND, MIG_GUID, MIG_ID, CHECKSUM, CREATE_DATE, CREATE_USER, LASTUPD_DATE, LASTUPD_USER) VALUES (7690116, null, 8332405, null, null, 'LAYER3', '1', 'ISP', 'IP.33', 'N', 'N', null, null, '', TO_DATE('2020-03-06 09:12:51', 'YYYY-MM-DD HH24:MI:SS'), 'PROBATION1', TO_DATE('2020-03-06 09:12:51', 'YYYY-MM-DD HH24:MI:SS'), 'PROBATION1');
INSERT INTO OASYS_QUESTION (OASYS_QUESTION_PK, ADDITIONAL_NOTE, OASYS_SECTION_PK, FREE_FORMAT_ANSWER, DISPLAY_SCORE, REF_ASS_VERSION_CODE, VERSION_NUMBER, REF_SECTION_CODE, REF_QUESTION_CODE, DISCLOSED_IND, CURRENTLY_HIDDEN_IND, MIG_GUID, MIG_ID, CHECKSUM, CREATE_DATE, CREATE_USER, LASTUPD_DATE, LASTUPD_USER) VALUES (7690117, null, 8332405, null, null, 'LAYER3', '1', 'ISP', 'IP.37', 'N', 'N', null, null, '', TO_DATE('2020-03-06 09:12:51', 'YYYY-MM-DD HH24:MI:SS'), 'PROBATION1', TO_DATE('2020-03-06 09:12:51', 'YYYY-MM-DD HH24:MI:SS'), 'PROBATION1');
INSERT INTO OASYS_QUESTION (OASYS_QUESTION_PK, ADDITIONAL_NOTE, OASYS_SECTION_PK, FREE_FORMAT_ANSWER, DISPLAY_SCORE, REF_ASS_VERSION_CODE, VERSION_NUMBER, REF_SECTION_CODE, REF_QUESTION_CODE, DISCLOSED_IND, CURRENTLY_HIDDEN_IND, MIG_GUID, MIG_ID, CHECKSUM, CREATE_DATE, CREATE_USER, LASTUPD_DATE, LASTUPD_USER) VALUES (7690118, null, 8332405, '13/06/2012', null, 'LAYER3', '1', 'ISP', 'IP.23', 'N', 'N', null, null, '', TO_DATE('2020-03-06 09:12:51', 'YYYY-MM-DD HH24:MI:SS'), 'PROBATION1', TO_DATE('2020-03-06 09:12:51', 'YYYY-MM-DD HH24:MI:SS'), 'PROBATION1');
INSERT INTO OASYS_QUESTION (OASYS_QUESTION_PK, ADDITIONAL_NOTE, OASYS_SECTION_PK, FREE_FORMAT_ANSWER, DISPLAY_SCORE, REF_ASS_VERSION_CODE, VERSION_NUMBER, REF_SECTION_CODE, REF_QUESTION_CODE, DISCLOSED_IND, CURRENTLY_HIDDEN_IND, MIG_GUID, MIG_ID, CHECKSUM, CREATE_DATE, CREATE_USER, LASTUPD_DATE, LASTUPD_USER) VALUES (7690119, null, 8332405, null, null, 'LAYER3', '1', 'ISP', 'IP.1', 'N', 'N', null, null, '', TO_DATE('2020-03-06 09:12:51', 'YYYY-MM-DD HH24:MI:SS'), 'PROBATION1', TO_DATE('2020-03-06 09:12:51', 'YYYY-MM-DD HH24:MI:SS'), 'PROBATION1');
INSERT INTO OASYS_QUESTION (OASYS_QUESTION_PK, ADDITIONAL_NOTE, OASYS_SECTION_PK, FREE_FORMAT_ANSWER, DISPLAY_SCORE, REF_ASS_VERSION_CODE, VERSION_NUMBER, REF_SECTION_CODE, REF_QUESTION_CODE, DISCLOSED_IND, CURRENTLY_HIDDEN_IND, MIG_GUID, MIG_ID, CHECKSUM, CREATE_DATE, CREATE_USER, LASTUPD_DATE, LASTUPD_USER) VALUES (7690120, null, 8332405, null, null, 'LAYER3', '1', 'ISP', 'IP3', 'N', 'N', null, null, '', TO_DATE('2020-03-06 09:12:51', 'YYYY-MM-DD HH24:MI:SS'), 'PROBATION1', TO_DATE('2020-03-06 09:12:51', 'YYYY-MM-DD HH24:MI:SS'), 'PROBATION1');
INSERT INTO OASYS_QUESTION (OASYS_QUESTION_PK, ADDITIONAL_NOTE, OASYS_SECTION_PK, FREE_FORMAT_ANSWER, DISPLAY_SCORE, REF_ASS_VERSION_CODE, VERSION_NUMBER, REF_SECTION_CODE, REF_QUESTION_CODE, DISCLOSED_IND, CURRENTLY_HIDDEN_IND, MIG_GUID, MIG_ID, CHECKSUM, CREATE_DATE, CREATE_USER, LASTUPD_DATE, LASTUPD_USER) VALUES (7690121, null, 8332405, null, null, 'LAYER3', '1', 'ISP', 'IP.4', 'N', 'N', null, null, '', TO_DATE('2020-03-06 09:12:51', 'YYYY-MM-DD HH24:MI:SS'), 'PROBATION1', TO_DATE('2020-03-06 09:12:51', 'YYYY-MM-DD HH24:MI:SS'), 'PROBATION1');
INSERT INTO OASYS_QUESTION (OASYS_QUESTION_PK, ADDITIONAL_NOTE, OASYS_SECTION_PK, FREE_FORMAT_ANSWER, DISPLAY_SCORE, REF_ASS_VERSION_CODE, VERSION_NUMBER, REF_SECTION_CODE, REF_QUESTION_CODE, DISCLOSED_IND, CURRENTLY_HIDDEN_IND, MIG_GUID, MIG_ID, CHECKSUM, CREATE_DATE, CREATE_USER, LASTUPD_DATE, LASTUPD_USER) VALUES (7690122, null, 8332405, null, null, 'LAYER3', '1', 'ISP', 'IP.8', 'N', 'N', null, null, '', TO_DATE('2020-03-06 09:12:51', 'YYYY-MM-DD HH24:MI:SS'), 'PROBATION1', TO_DATE('2020-03-06 09:12:51', 'YYYY-MM-DD HH24:MI:SS'), 'PROBATION1');
INSERT INTO OASYS_QUESTION (OASYS_QUESTION_PK, ADDITIONAL_NOTE, OASYS_SECTION_PK, FREE_FORMAT_ANSWER, DISPLAY_SCORE, REF_ASS_VERSION_CODE, VERSION_NUMBER, REF_SECTION_CODE, REF_QUESTION_CODE, DISCLOSED_IND, CURRENTLY_HIDDEN_IND, MIG_GUID, MIG_ID, CHECKSUM, CREATE_DATE, CREATE_USER, LASTUPD_DATE, LASTUPD_USER) VALUES (7690123, null, 8332405, null, null, 'LAYER3', '1', 'ISP', 'IP.9', 'N', 'N', null, null, '', TO_DATE('2020-03-06 09:12:51', 'YYYY-MM-DD HH24:MI:SS'), 'PROBATION1', TO_DATE('2020-03-06 09:12:51', 'YYYY-MM-DD HH24:MI:SS'), 'PROBATION1');
INSERT INTO OASYS_QUESTION (OASYS_QUESTION_PK, ADDITIONAL_NOTE, OASYS_SECTION_PK, FREE_FORMAT_ANSWER, DISPLAY_SCORE, REF_ASS_VERSION_CODE, VERSION_NUMBER, REF_SECTION_CODE, REF_QUESTION_CODE, DISCLOSED_IND, CURRENTLY_HIDDEN_IND, MIG_GUID, MIG_ID, CHECKSUM, CREATE_DATE, CREATE_USER, LASTUPD_DATE, LASTUPD_USER) VALUES (7690124, 'test', 8332405, null, null, 'LAYER3', '1', 'ISP', 'IP.2', 'N', 'N', null, null, '', TO_DATE('2020-03-06 09:13:34', 'YYYY-MM-DD HH24:MI:SS'), 'PROBATION1', TO_DATE('2020-03-06 09:13:34', 'YYYY-MM-DD HH24:MI:SS'), 'PROBATION1');
INSERT INTO OASYS_QUESTION (OASYS_QUESTION_PK, ADDITIONAL_NOTE, OASYS_SECTION_PK, FREE_FORMAT_ANSWER, DISPLAY_SCORE, REF_ASS_VERSION_CODE, VERSION_NUMBER, REF_SECTION_CODE, REF_QUESTION_CODE, DISCLOSED_IND, CURRENTLY_HIDDEN_IND, MIG_GUID, MIG_ID, CHECKSUM, CREATE_DATE, CREATE_USER, LASTUPD_DATE, LASTUPD_USER) VALUES (7690125, 'test', 8332405, null, null, 'LAYER3', '1', 'ISP', 'IP.5', 'N', 'N', null, null, '', TO_DATE('2020-03-06 09:13:34', 'YYYY-MM-DD HH24:MI:SS'), 'PROBATION1', TO_DATE('2020-03-06 09:13:34', 'YYYY-MM-DD HH24:MI:SS'), 'PROBATION1');
INSERT INTO OASYS_QUESTION (OASYS_QUESTION_PK, ADDITIONAL_NOTE, OASYS_SECTION_PK, FREE_FORMAT_ANSWER, DISPLAY_SCORE, REF_ASS_VERSION_CODE, VERSION_NUMBER, REF_SECTION_CODE, REF_QUESTION_CODE, DISCLOSED_IND, CURRENTLY_HIDDEN_IND, MIG_GUID, MIG_ID, CHECKSUM, CREATE_DATE, CREATE_USER, LASTUPD_DATE, LASTUPD_USER) VALUES (7690126, 'test', 8332405, null, null, 'LAYER3', '1', 'ISP', 'IP.6', 'N', 'N', null, null, '', TO_DATE('2020-03-06 09:13:34', 'YYYY-MM-DD HH24:MI:SS'), 'PROBATION1', TO_DATE('2020-03-06 09:13:34', 'YYYY-MM-DD HH24:MI:SS'), 'PROBATION1');
INSERT INTO OASYS_QUESTION (OASYS_QUESTION_PK, ADDITIONAL_NOTE, OASYS_SECTION_PK, FREE_FORMAT_ANSWER, DISPLAY_SCORE, REF_ASS_VERSION_CODE, VERSION_NUMBER, REF_SECTION_CODE, REF_QUESTION_CODE, DISCLOSED_IND, CURRENTLY_HIDDEN_IND, MIG_GUID, MIG_ID, CHECKSUM, CREATE_DATE, CREATE_USER, LASTUPD_DATE, LASTUPD_USER) VALUES (7690127, 'test', 8332405, null, null, 'LAYER3', '1', 'ISP', 'IP.7', 'N', 'N', null, null, '', TO_DATE('2020-03-06 09:13:34', 'YYYY-MM-DD HH24:MI:SS'), 'PROBATION1', TO_DATE('2020-03-06 09:13:34', 'YYYY-MM-DD HH24:MI:SS'), 'PROBATION1');
INSERT INTO OASYS_QUESTION (OASYS_QUESTION_PK, ADDITIONAL_NOTE, OASYS_SECTION_PK, FREE_FORMAT_ANSWER, DISPLAY_SCORE, REF_ASS_VERSION_CODE, VERSION_NUMBER, REF_SECTION_CODE, REF_QUESTION_CODE, DISCLOSED_IND, CURRENTLY_HIDDEN_IND, MIG_GUID, MIG_ID, CHECKSUM, CREATE_DATE, CREATE_USER, LASTUPD_DATE, LASTUPD_USER) VALUES (7690128, 'test', 8332405, null, null, 'LAYER3', '1', 'ISP', 'IP.10', 'N', 'N', null, null, '', TO_DATE('2020-03-06 09:13:34', 'YYYY-MM-DD HH24:MI:SS'), 'PROBATION1', TO_DATE('2020-03-06 09:13:34', 'YYYY-MM-DD HH24:MI:SS'), 'PROBATION1');
INSERT INTO OASYS_QUESTION (OASYS_QUESTION_PK, ADDITIONAL_NOTE, OASYS_SECTION_PK, FREE_FORMAT_ANSWER, DISPLAY_SCORE, REF_ASS_VERSION_CODE, VERSION_NUMBER, REF_SECTION_CODE, REF_QUESTION_CODE, DISCLOSED_IND, CURRENTLY_HIDDEN_IND, MIG_GUID, MIG_ID, CHECKSUM, CREATE_DATE, CREATE_USER, LASTUPD_DATE, LASTUPD_USER) VALUES (7690129, 'test', 8332405, null, null, 'LAYER3', '1', 'ISP', 'IP.11', 'N', 'N', null, null, '', TO_DATE('2020-03-06 09:13:34', 'YYYY-MM-DD HH24:MI:SS'), 'PROBATION1', TO_DATE('2020-03-06 09:13:34', 'YYYY-MM-DD HH24:MI:SS'), 'PROBATION1');
INSERT INTO OASYS_QUESTION (OASYS_QUESTION_PK, ADDITIONAL_NOTE, OASYS_SECTION_PK, FREE_FORMAT_ANSWER, DISPLAY_SCORE, REF_ASS_VERSION_CODE, VERSION_NUMBER, REF_SECTION_CODE, REF_QUESTION_CODE, DISCLOSED_IND, CURRENTLY_HIDDEN_IND, MIG_GUID, MIG_ID, CHECKSUM, CREATE_DATE, CREATE_USER, LASTUPD_DATE, LASTUPD_USER) VALUES (7690130, 'test', 8332405, null, null, 'LAYER3', '1', 'ISP', 'IP.12', 'N', 'N', null, null, '', TO_DATE('2020-03-06 09:13:34', 'YYYY-MM-DD HH24:MI:SS'), 'PROBATION1', TO_DATE('2020-03-06 09:13:34', 'YYYY-MM-DD HH24:MI:SS'), 'PROBATION1');


-- OASys Answers - ISP Section only for sentence plans
INSERT INTO OASYS_ANSWER (OASYS_ANSWER_PK, OASYS_QUESTION_PK, REF_ASS_VERSION_CODE, VERSION_NUMBER, REF_SECTION_CODE, REF_QUESTION_CODE, REF_ANSWER_CODE, MIG_GUID, MIG_ID, CHECKSUM, CREATE_DATE, CREATE_USER, LASTUPD_DATE, LASTUPD_USER) VALUES (7979202, 7690122, 'LAYER3', '1', 'ISP', 'IP.8', '110', null, null, '', TO_DATE('2020-03-06 09:12:51', 'YYYY-MM-DD HH24:MI:SS'), 'PROBATION1', TO_DATE('2020-03-06 09:13:34', 'YYYY-MM-DD HH24:MI:SS'), 'PROBATION1');
INSERT INTO OASYS_ANSWER (OASYS_ANSWER_PK, OASYS_QUESTION_PK, REF_ASS_VERSION_CODE, VERSION_NUMBER, REF_SECTION_CODE, REF_QUESTION_CODE, REF_ANSWER_CODE, MIG_GUID, MIG_ID, CHECKSUM, CREATE_DATE, CREATE_USER, LASTUPD_DATE, LASTUPD_USER) VALUES (7979203, 7690123, 'LAYER3', '1', 'ISP', 'IP.9', 'YES', null, null, '', TO_DATE('2020-03-06 09:12:51', 'YYYY-MM-DD HH24:MI:SS'), 'PROBATION1', TO_DATE('2020-03-06 09:13:34', 'YYYY-MM-DD HH24:MI:SS'), 'PROBATION1');
INSERT INTO OASYS_ANSWER (OASYS_ANSWER_PK, OASYS_QUESTION_PK, REF_ASS_VERSION_CODE, VERSION_NUMBER, REF_SECTION_CODE, REF_QUESTION_CODE, REF_ANSWER_CODE, MIG_GUID, MIG_ID, CHECKSUM, CREATE_DATE, CREATE_USER, LASTUPD_DATE, LASTUPD_USER) VALUES (7979197, 7690116, 'LAYER3', '1', 'ISP', 'IP.33', 'NO', null, null, '', TO_DATE('2020-03-06 09:12:51', 'YYYY-MM-DD HH24:MI:SS'), 'PROBATION1', TO_DATE('2020-03-06 09:12:51', 'YYYY-MM-DD HH24:MI:SS'), 'PROBATION1');
INSERT INTO OASYS_ANSWER (OASYS_ANSWER_PK, OASYS_QUESTION_PK, REF_ASS_VERSION_CODE, VERSION_NUMBER, REF_SECTION_CODE, REF_QUESTION_CODE, REF_ANSWER_CODE, MIG_GUID, MIG_ID, CHECKSUM, CREATE_DATE, CREATE_USER, LASTUPD_DATE, LASTUPD_USER) VALUES (7979196, 7690115, 'LAYER3', '1', 'ISP', 'IP.21', 'YES', null, null, '', TO_DATE('2020-03-06 09:12:51', 'YYYY-MM-DD HH24:MI:SS'), 'PROBATION1', TO_DATE('2020-03-06 09:12:51', 'YYYY-MM-DD HH24:MI:SS'), 'PROBATION1');
INSERT INTO OASYS_ANSWER (OASYS_ANSWER_PK, OASYS_QUESTION_PK, REF_ASS_VERSION_CODE, VERSION_NUMBER, REF_SECTION_CODE, REF_QUESTION_CODE, REF_ANSWER_CODE, MIG_GUID, MIG_ID, CHECKSUM, CREATE_DATE, CREATE_USER, LASTUPD_DATE, LASTUPD_USER) VALUES (7979201, 7690121, 'LAYER3', '1', 'ISP', 'IP.4', '1', null, null, '', TO_DATE('2020-03-06 09:12:51', 'YYYY-MM-DD HH24:MI:SS'), 'PROBATION1', TO_DATE('2020-03-06 09:12:51', 'YYYY-MM-DD HH24:MI:SS'), 'PROBATION1');
INSERT INTO OASYS_ANSWER (OASYS_ANSWER_PK, OASYS_QUESTION_PK, REF_ASS_VERSION_CODE, VERSION_NUMBER, REF_SECTION_CODE, REF_QUESTION_CODE, REF_ANSWER_CODE, MIG_GUID, MIG_ID, CHECKSUM, CREATE_DATE, CREATE_USER, LASTUPD_DATE, LASTUPD_USER) VALUES (7979198, 7690117, 'LAYER3', '1', 'ISP', 'IP.37', 'NO', null, null, '', TO_DATE('2020-03-06 09:12:51', 'YYYY-MM-DD HH24:MI:SS'), 'PROBATION1', TO_DATE('2020-03-06 09:12:51', 'YYYY-MM-DD HH24:MI:SS'), 'PROBATION1');
INSERT INTO OASYS_ANSWER (OASYS_ANSWER_PK, OASYS_QUESTION_PK, REF_ASS_VERSION_CODE, VERSION_NUMBER, REF_SECTION_CODE, REF_QUESTION_CODE, REF_ANSWER_CODE, MIG_GUID, MIG_ID, CHECKSUM, CREATE_DATE, CREATE_USER, LASTUPD_DATE, LASTUPD_USER) VALUES (7979199, 7690119, 'LAYER3', '1', 'ISP', 'IP.1', 'YES', null, null, '', TO_DATE('2020-03-06 09:12:51', 'YYYY-MM-DD HH24:MI:SS'), 'PROBATION1', TO_DATE('2020-03-06 09:12:51', 'YYYY-MM-DD HH24:MI:SS'), 'PROBATION1');
INSERT INTO OASYS_ANSWER (OASYS_ANSWER_PK, OASYS_QUESTION_PK, REF_ASS_VERSION_CODE, VERSION_NUMBER, REF_SECTION_CODE, REF_QUESTION_CODE, REF_ANSWER_CODE, MIG_GUID, MIG_ID, CHECKSUM, CREATE_DATE, CREATE_USER, LASTUPD_DATE, LASTUPD_USER) VALUES (7979200, 7690120, 'LAYER3', '1', 'ISP', 'IP3', '1', null, null, '', TO_DATE('2020-03-06 09:12:51', 'YYYY-MM-DD HH24:MI:SS'), 'PROBATION1', TO_DATE('2020-03-06 09:12:51', 'YYYY-MM-DD HH24:MI:SS'), 'PROBATION1');


-- Basic Sentence plans
INSERT INTO BASIC_SENTENCE_PLAN_OBJ (BASIC_SENT_PLAN_OBJ_PK, DISPLAY_SORT, INCLUDE_IN_PLAN_IND, OFFENCE_BEHAV_LINK_ELM, OFFENCE_BEHAV_LINK_CAT, OBJECTIVE_TEXT, MEASURE_TEXT, WHAT_WORK_TEXT, WHO_WILL_DO_WORK_TEXT, TIMESCALES_TEXT, OASYS_SET_PK, DATE_OPENED, DATE_COMPLETED, CF_LAST_BCS_INT, CF_ORIG_BCS_INT, SERVICE_LEVEL, CHECKSUM, CREATE_DATE, CREATE_USER, LASTUPD_DATE, LASTUPD_USER) values

-- Assessment 1
 (100, 1, 'Y', 'ACCOMMODATION','UR', 'Find somewhere to live', 'Has founda accomodation', 'Look for a hostel', 'OFFENDER', '2 weeks', 100, TO_DATE('2018-07-26 10:39:04', 'YYYY-MM-DD HH24:MI:SS'), null, 1, 1, 1, '', TO_DATE('2018-07-26 10:39:04', 'YYYY-MM-DD HH24:MI:SS'), 'PROBATION1', TO_DATE('2018-07-26 10:39:04', 'YYYY-MM-DD HH24:MI:SS'), 'PROBATION1'),
 (200, 2, 'Y', 'DRUG_MISUSE','UR', 'Attend support group', 'Attended 10 sessions', 'Attend regular sessoins', 'OFFENDER', '20 weeks', 100, TO_DATE('2016-07-26 10:39:04', 'YYYY-MM-DD HH24:MI:SS'), TO_DATE('2018-07-26 10:39:04', 'YYYY-MM-DD HH24:MI:SS'), 1, 1, 1, '', TO_DATE('2016-07-26 10:39:04', 'YYYY-MM-DD HH24:MI:SS'), 'PROBATION1', TO_DATE('2018-07-26 10:39:04', 'YYYY-MM-DD HH24:MI:SS'), 'PROBATION1'),
 (300, 3, 'N', 'ATTITUDES','UR', 'Attend support group', 'Not in plan objective', 'Not in plan', 'OFFENDER', '1 year', 100, TO_DATE('2016-07-26 10:39:04', 'YYYY-MM-DD HH24:MI:SS'), TO_DATE('2018-07-26 10:39:04', 'YYYY-MM-DD HH24:MI:SS'), 1, 1, 1, '', TO_DATE('2016-07-26 10:39:04', 'YYYY-MM-DD HH24:MI:SS'), 'PROBATION1', TO_DATE('2018-07-26 10:39:04', 'YYYY-MM-DD HH24:MI:SS'), 'PROBATION1'),

--Assessment 2
 (400, 1, 'Y', 'ACCOMMODATION','UR', 'Find somewhere to live', 'Has founda accomodation', 'Look for a hostel', 'OFFENDER', '2 weeks', 200, TO_DATE('2018-07-26 10:39:04', 'YYYY-MM-DD HH24:MI:SS'), null, 1, 1, 1, '', TO_DATE('2018-07-26 10:39:04', 'YYYY-MM-DD HH24:MI:SS'), 'PROBATION1', TO_DATE('2018-07-26 10:39:04', 'YYYY-MM-DD HH24:MI:SS'), 'PROBATION1'),
 (600, 3, 'N', 'ATTITUDES','UR', 'Attend support group', 'Not in plan objective', 'Not in plan', 'OFFENDER', '1 year', 200, TO_DATE('2016-07-26 10:39:04', 'YYYY-MM-DD HH24:MI:SS'), TO_DATE('2018-07-26 10:39:04', 'YYYY-MM-DD HH24:MI:SS'), 1, 1, 1, '', TO_DATE('2016-07-26 10:39:04', 'YYYY-MM-DD HH24:MI:SS'), 'PROBATION1', TO_DATE('2018-07-26 10:39:04', 'YYYY-MM-DD HH24:MI:SS'), 'PROBATION1');


--Full sentence plans

-- Objectives
INSERT INTO SSP_OBJECTIVES_IN_SET (SSP_OBJECTIVES_IN_SET_PK, COPIED_FORWARD_INDICATOR, HOW_PROGRESS_MEASURED, DISPLAY_SORT, OBJECTIVE_TYPE_ELM, OBJECTIVE_TYPE_CAT, LAST_UPDATE_DATE, OASYS_SET_PK, MIG_GUID, MIG_ID, CF_LAST_ASSMT_OBJ, CF_ORIG_ASSMT_OBJ, CHECKSUM, CREATE_DATE, CREATE_USER, LASTUPD_DATE, LASTUPD_USER) VALUES (317298, 'N', 'test', 3, 'FUTURE', 'OBJECTIVE_TYPE', TO_DATE('2020-03-06 09:20:47', 'YYYY-MM-DD HH24:MI:SS'), 100, null, null, null, null, 'C957E6BE6469F43944A346FE1F4F5D1D', TO_DATE('2020-03-06 09:20:28', 'YYYY-MM-DD HH24:MI:SS'), 'PROBATION1', TO_DATE('2020-03-06 09:20:47', 'YYYY-MM-DD HH24:MI:SS'), 'PROBATION1');
INSERT INTO SSP_OBJECTIVES_IN_SET (SSP_OBJECTIVES_IN_SET_PK, COPIED_FORWARD_INDICATOR, HOW_PROGRESS_MEASURED, DISPLAY_SORT, OBJECTIVE_TYPE_ELM, OBJECTIVE_TYPE_CAT, LAST_UPDATE_DATE, OASYS_SET_PK, MIG_GUID, MIG_ID, CF_LAST_ASSMT_OBJ, CF_ORIG_ASSMT_OBJ, CHECKSUM, CREATE_DATE, CREATE_USER, LASTUPD_DATE, LASTUPD_USER) VALUES (317296, 'Y', 'tEST', 1, 'CURRENT', 'OBJECTIVE_TYPE', TO_DATE('2020-03-06 09:19:11', 'YYYY-MM-DD HH24:MI:SS'), 100, null, null, 61075, 61075, '8023294A21AE7E75080C11A1778CC345', TO_DATE('2020-03-06 09:12:51', 'YYYY-MM-DD HH24:MI:SS'), 'PROBATION1', TO_DATE('2020-03-11 07:28:18', 'YYYY-MM-DD HH24:MI:SS'), 'PROBATION1');
INSERT INTO SSP_OBJECTIVES_IN_SET (SSP_OBJECTIVES_IN_SET_PK, COPIED_FORWARD_INDICATOR, HOW_PROGRESS_MEASURED, DISPLAY_SORT, OBJECTIVE_TYPE_ELM, OBJECTIVE_TYPE_CAT, LAST_UPDATE_DATE, OASYS_SET_PK, MIG_GUID, MIG_ID, CF_LAST_ASSMT_OBJ, CF_ORIG_ASSMT_OBJ, CHECKSUM, CREATE_DATE, CREATE_USER, LASTUPD_DATE, LASTUPD_USER) VALUES (317297, 'N', 'test', 2, 'CURRENT', 'OBJECTIVE_TYPE', TO_DATE('2020-03-11 08:03:36', 'YYYY-MM-DD HH24:MI:SS'), 100, null, null, null, null, '13B8E5D567F00C1CD0CA80D5A1985333', TO_DATE('2020-03-06 09:17:11', 'YYYY-MM-DD HH24:MI:SS'), 'PROBATION1', TO_DATE('2020-03-11 08:03:36', 'YYYY-MM-DD HH24:MI:SS'), 'PROBATION1');

INSERT INTO SSP_OBJECTIVE (SSP_OBJECTIVE_PK, OBJECTIVE_DESC, SSP_OBJECTIVES_IN_SET_PK, OBJECTIVE_CODE, MIG_GUID, MIG_ID, CHECKSUM, CREATE_DATE, CREATE_USER, LASTUPD_DATE, LASTUPD_USER) VALUES (312288, null, 317296, '500', null, null, '', TO_DATE('2020-03-06 09:12:51', 'YYYY-MM-DD HH24:MI:SS'), 'PROBATION1', TO_DATE('2020-03-06 09:12:51', 'YYYY-MM-DD HH24:MI:SS'), 'PROBATION1');
INSERT INTO SSP_OBJECTIVE (SSP_OBJECTIVE_PK, OBJECTIVE_DESC, SSP_OBJECTIVES_IN_SET_PK, OBJECTIVE_CODE, MIG_GUID, MIG_ID, CHECKSUM, CREATE_DATE, CREATE_USER, LASTUPD_DATE, LASTUPD_USER) VALUES (312289, 'test', 317297, '100', null, null, '', TO_DATE('2020-03-06 09:17:12', 'YYYY-MM-DD HH24:MI:SS'), 'PROBATION1', TO_DATE('2020-03-06 09:17:12', 'YYYY-MM-DD HH24:MI:SS'), 'PROBATION1');
INSERT INTO SSP_OBJECTIVE (SSP_OBJECTIVE_PK, OBJECTIVE_DESC, SSP_OBJECTIVES_IN_SET_PK, OBJECTIVE_CODE, MIG_GUID, MIG_ID, CHECKSUM, CREATE_DATE, CREATE_USER, LASTUPD_DATE, LASTUPD_USER) VALUES (312290, 'test', 317298, '10300', null, null, '', TO_DATE('2020-03-06 09:20:28', 'YYYY-MM-DD HH24:MI:SS'), 'PROBATION1', TO_DATE('2020-03-06 09:20:28', 'YYYY-MM-DD HH24:MI:SS'), 'PROBATION1');

INSERT INTO SSP_OBJECTIVE_MEASURE (SSP_OBJECTIVE_MEASURE_PK, OBJECTIVE_STATUS_COMMENTS, OBJECTIVE_STATUS_ELM, OBJECTIVE_STATUS_CAT, SSP_OBJECTIVES_IN_SET_PK, MIG_GUID, MIG_ID, CHECKSUM, CREATE_DATE, CREATE_USER, LASTUPD_DATE, LASTUPD_USER) VALUES (317276, null, 'RII', 'OBJECTIVE_STATUS_CODE', 317296, null, null, '', TO_DATE('2020-03-06 09:12:52', 'YYYY-MM-DD HH24:MI:SS'), 'PROBATION1', TO_DATE('2020-03-06 09:12:52', 'YYYY-MM-DD HH24:MI:SS'), 'PROBATION1');
INSERT INTO SSP_OBJECTIVE_MEASURE (SSP_OBJECTIVE_MEASURE_PK, OBJECTIVE_STATUS_COMMENTS, OBJECTIVE_STATUS_ELM, OBJECTIVE_STATUS_CAT, SSP_OBJECTIVES_IN_SET_PK, MIG_GUID, MIG_ID, CHECKSUM, CREATE_DATE, CREATE_USER, LASTUPD_DATE, LASTUPD_USER) VALUES (317277, 'testing 123', 'RII', 'OBJECTIVE_STATUS_CODE', 317297, null, null, '', TO_DATE('2020-03-06 09:17:12', 'YYYY-MM-DD HH24:MI:SS'), 'PROBATION1', TO_DATE('2020-03-11 08:00:40', 'YYYY-MM-DD HH24:MI:SS'), 'PROBATION1');
INSERT INTO SSP_OBJECTIVE_MEASURE (SSP_OBJECTIVE_MEASURE_PK, OBJECTIVE_STATUS_COMMENTS, OBJECTIVE_STATUS_ELM, OBJECTIVE_STATUS_CAT, SSP_OBJECTIVES_IN_SET_PK, MIG_GUID, MIG_ID, CHECKSUM, CREATE_DATE, CREATE_USER, LASTUPD_DATE, LASTUPD_USER) VALUES (317278, 'test', 'R', 'OBJECTIVE_STATUS_CODE', 317298, null, null, '', TO_DATE('2020-03-06 09:20:28', 'YYYY-MM-DD HH24:MI:SS'), 'PROBATION1', TO_DATE('2020-03-06 09:20:28', 'YYYY-MM-DD HH24:MI:SS'), 'PROBATION1');

-- Interventions

INSERT INTO SSP_INTERVENTION_IN_SET (SSP_INTERVENTION_IN_SET_PK, COPIED_FORWARD_INDICATOR, INTERVENTION_COMMENT, TIMESCALE_FOR_INT_ELM, TIMESCALE_FOR_INT_CAT, COPIED_FROM_SSP_INT_IN_SET, INTERVENTION_ELM, INTERVENTION_CAT, MIG_GUID, MIG_ID, CF_LAST_ASSMT_INT, CF_ORIG_ASSMT_INT, CHECKSUM, CREATE_DATE, CREATE_USER, LASTUPD_DATE, LASTUPD_USER) VALUES (86941064, 'Y', null, 'ONE_MONTH', 'TIMESCALE', null, 'IV1', 'INTERVENTION', null, null, 66079, 66079, '', TO_DATE('2020-03-06 09:12:52', 'YYYY-MM-DD HH24:MI:SS'), 'PROBATION1', TO_DATE('2020-03-06 09:12:52', 'YYYY-MM-DD HH24:MI:SS'), 'PROBATION1');
INSERT INTO SSP_INTERVENTION_IN_SET (SSP_INTERVENTION_IN_SET_PK, COPIED_FORWARD_INDICATOR, INTERVENTION_COMMENT, TIMESCALE_FOR_INT_ELM, TIMESCALE_FOR_INT_CAT, COPIED_FROM_SSP_INT_IN_SET, INTERVENTION_ELM, INTERVENTION_CAT, MIG_GUID, MIG_ID, CF_LAST_ASSMT_INT, CF_ORIG_ASSMT_INT, CHECKSUM, CREATE_DATE, CREATE_USER, LASTUPD_DATE, LASTUPD_USER) VALUES (86942060, 'N', 'test1', 'SIXTEEN_WEEKS', 'TIMESCALE', null, 'V1', 'INTERVENTION', null, null, null, null, '', TO_DATE('2020-03-06 09:17:12', 'YYYY-MM-DD HH24:MI:SS'), 'PROBATION1', TO_DATE('2020-03-11 07:59:24', 'YYYY-MM-DD HH24:MI:SS'), 'PROBATION1');
INSERT INTO SSP_INTERVENTION_IN_SET (SSP_INTERVENTION_IN_SET_PK, COPIED_FORWARD_INDICATOR, INTERVENTION_COMMENT, TIMESCALE_FOR_INT_ELM, TIMESCALE_FOR_INT_CAT, COPIED_FROM_SSP_INT_IN_SET, INTERVENTION_ELM, INTERVENTION_CAT, MIG_GUID, MIG_ID, CF_LAST_ASSMT_INT, CF_ORIG_ASSMT_INT, CHECKSUM, CREATE_DATE, CREATE_USER, LASTUPD_DATE, LASTUPD_USER) VALUES (86943056, 'N', 'test', 'ONE_WEEK', 'TIMESCALE', null, 'VII7', 'INTERVENTION', null, null, null, null, '', TO_DATE('2020-03-06 09:18:03', 'YYYY-MM-DD HH24:MI:SS'), 'PROBATION1', TO_DATE('2020-03-06 09:18:03', 'YYYY-MM-DD HH24:MI:SS'), 'PROBATION1');
INSERT INTO SSP_INTERVENTION_IN_SET (SSP_INTERVENTION_IN_SET_PK, COPIED_FORWARD_INDICATOR, INTERVENTION_COMMENT, TIMESCALE_FOR_INT_ELM, TIMESCALE_FOR_INT_CAT, COPIED_FROM_SSP_INT_IN_SET, INTERVENTION_ELM, INTERVENTION_CAT, MIG_GUID, MIG_ID, CF_LAST_ASSMT_INT, CF_ORIG_ASSMT_INT, CHECKSUM, CREATE_DATE, CREATE_USER, LASTUPD_DATE, LASTUPD_USER) VALUES (86944052, 'N', 'test', 'ONE_MONTH', 'TIMESCALE', null, 'IV6', 'INTERVENTION', null, null, null, null, '', TO_DATE('2020-03-06 09:18:26', 'YYYY-MM-DD HH24:MI:SS'), 'PROBATION1', TO_DATE('2020-03-06 09:18:36', 'YYYY-MM-DD HH24:MI:SS'), 'PROBATION1');
INSERT INTO SSP_INTERVENTION_IN_SET (SSP_INTERVENTION_IN_SET_PK, COPIED_FORWARD_INDICATOR, INTERVENTION_COMMENT, TIMESCALE_FOR_INT_ELM, TIMESCALE_FOR_INT_CAT, COPIED_FROM_SSP_INT_IN_SET, INTERVENTION_ELM, INTERVENTION_CAT, MIG_GUID, MIG_ID, CF_LAST_ASSMT_INT, CF_ORIG_ASSMT_INT, CHECKSUM, CREATE_DATE, CREATE_USER, LASTUPD_DATE, LASTUPD_USER) VALUES (86945048, 'N', 'test', 'ONE_WEEK', 'TIMESCALE', null, 'VI12', 'INTERVENTION', null, null, null, null, '', TO_DATE('2020-03-06 09:20:28', 'YYYY-MM-DD HH24:MI:SS'), 'PROBATION1', TO_DATE('2020-03-06 09:20:28', 'YYYY-MM-DD HH24:MI:SS'), 'PROBATION1');
INSERT INTO SSP_INTERVENTION_IN_SET (SSP_INTERVENTION_IN_SET_PK, COPIED_FORWARD_INDICATOR, INTERVENTION_COMMENT, TIMESCALE_FOR_INT_ELM, TIMESCALE_FOR_INT_CAT, COPIED_FROM_SSP_INT_IN_SET, INTERVENTION_ELM, INTERVENTION_CAT, MIG_GUID, MIG_ID, CF_LAST_ASSMT_INT, CF_ORIG_ASSMT_INT, CHECKSUM, CREATE_DATE, CREATE_USER, LASTUPD_DATE, LASTUPD_USER) VALUES (86946044, 'Y', null, 'ONE_MONTH', 'TIMESCALE', 86941064, 'IV1', 'INTERVENTION', null, null, null, null, '', TO_DATE('2020-03-06 09:20:47', 'YYYY-MM-DD HH24:MI:SS'), 'PROBATION1', TO_DATE('2020-03-06 09:20:47', 'YYYY-MM-DD HH24:MI:SS'), 'PROBATION1');

INSERT INTO SSP_OBJ_INTERVENE_PIVOT (SSP_OBJ_INTERVENE_PIVOT_PK, SSP_OBJECTIVES_IN_SET_PK, SSP_INTERVENTION_IN_SET_PK, DELETED_IND, MIG_GUID, MIG_ID, CHECKSUM, CREATE_DATE, CREATE_USER, LASTUPD_DATE, LASTUPD_USER) VALUES (329293, 317296, 86941064, 'N', null, null, '', TO_DATE('2020-03-06 09:12:52', 'YYYY-MM-DD HH24:MI:SS'), 'PROBATION1', TO_DATE('2020-03-06 09:12:52', 'YYYY-MM-DD HH24:MI:SS'), 'PROBATION1');
INSERT INTO SSP_OBJ_INTERVENE_PIVOT (SSP_OBJ_INTERVENE_PIVOT_PK, SSP_OBJECTIVES_IN_SET_PK, SSP_INTERVENTION_IN_SET_PK, DELETED_IND, MIG_GUID, MIG_ID, CHECKSUM, CREATE_DATE, CREATE_USER, LASTUPD_DATE, LASTUPD_USER) VALUES (329294, 317297, 86942060, 'N', null, null, '', TO_DATE('2020-03-06 09:17:12', 'YYYY-MM-DD HH24:MI:SS'), 'PROBATION1', TO_DATE('2020-03-06 09:17:12', 'YYYY-MM-DD HH24:MI:SS'), 'PROBATION1');
INSERT INTO SSP_OBJ_INTERVENE_PIVOT (SSP_OBJ_INTERVENE_PIVOT_PK, SSP_OBJECTIVES_IN_SET_PK, SSP_INTERVENTION_IN_SET_PK, DELETED_IND, MIG_GUID, MIG_ID, CHECKSUM, CREATE_DATE, CREATE_USER, LASTUPD_DATE, LASTUPD_USER) VALUES (329295, 317297, 86943056, 'N', null, null, '', TO_DATE('2020-03-06 09:18:03', 'YYYY-MM-DD HH24:MI:SS'), 'PROBATION1', TO_DATE('2020-03-06 09:18:03', 'YYYY-MM-DD HH24:MI:SS'), 'PROBATION1');
INSERT INTO SSP_OBJ_INTERVENE_PIVOT (SSP_OBJ_INTERVENE_PIVOT_PK, SSP_OBJECTIVES_IN_SET_PK, SSP_INTERVENTION_IN_SET_PK, DELETED_IND, MIG_GUID, MIG_ID, CHECKSUM, CREATE_DATE, CREATE_USER, LASTUPD_DATE, LASTUPD_USER) VALUES (329296, 317297, 86944052, 'N', null, null, '', TO_DATE('2020-03-06 09:18:26', 'YYYY-MM-DD HH24:MI:SS'), 'PROBATION1', TO_DATE('2020-03-06 09:18:26', 'YYYY-MM-DD HH24:MI:SS'), 'PROBATION1');
INSERT INTO SSP_OBJ_INTERVENE_PIVOT (SSP_OBJ_INTERVENE_PIVOT_PK, SSP_OBJECTIVES_IN_SET_PK, SSP_INTERVENTION_IN_SET_PK, DELETED_IND, MIG_GUID, MIG_ID, CHECKSUM, CREATE_DATE, CREATE_USER, LASTUPD_DATE, LASTUPD_USER) VALUES (329297, 317298, 86945048, 'N', null, null, '', TO_DATE('2020-03-06 09:20:28', 'YYYY-MM-DD HH24:MI:SS'), 'PROBATION1', TO_DATE('2020-03-06 09:20:28', 'YYYY-MM-DD HH24:MI:SS'), 'PROBATION1');
INSERT INTO SSP_OBJ_INTERVENE_PIVOT (SSP_OBJ_INTERVENE_PIVOT_PK, SSP_OBJECTIVES_IN_SET_PK, SSP_INTERVENTION_IN_SET_PK, DELETED_IND, MIG_GUID, MIG_ID, CHECKSUM, CREATE_DATE, CREATE_USER, LASTUPD_DATE, LASTUPD_USER) VALUES (329298, 317298, 86946044, 'N', null, null, '', TO_DATE('2020-03-06 09:20:47', 'YYYY-MM-DD HH24:MI:SS'), 'PROBATION1', TO_DATE('2020-03-06 09:20:47', 'YYYY-MM-DD HH24:MI:SS'), 'PROBATION1');

INSERT INTO SSP_INTERVENTION_MEASURE (SSP_INTERVENTION_MEASURE_PK, INTERVENE_MEAS_CODE_ELM, INTERVENE_MEAS_CODE_CAT, SSP_INTERVENTION_IN_SET_PK, INTERVENE_MEAS_COMMENT, LAST_UPDATE_DATE, MIG_GUID, MIG_ID, CHECKSUM, CREATE_DATE, CREATE_USER, LASTUPD_DATE, LASTUPD_USER) VALUES (321318, 'RII', 'INTERVENTION_MEASUREMENT_CODE', 86941064, null, TO_DATE('2020-03-06 09:19:11', 'YYYY-MM-DD HH24:MI:SS'), null, null, '', TO_DATE('2020-03-06 09:12:52', 'YYYY-MM-DD HH24:MI:SS'), 'PROBATION1', TO_DATE('2020-03-06 09:19:11', 'YYYY-MM-DD HH24:MI:SS'), 'PROBATION1');
INSERT INTO SSP_INTERVENTION_MEASURE (SSP_INTERVENTION_MEASURE_PK, INTERVENE_MEAS_CODE_ELM, INTERVENE_MEAS_CODE_CAT, SSP_INTERVENTION_IN_SET_PK, INTERVENE_MEAS_COMMENT, LAST_UPDATE_DATE, MIG_GUID, MIG_ID, CHECKSUM, CREATE_DATE, CREATE_USER, LASTUPD_DATE, LASTUPD_USER) VALUES (321319, 'RII', 'INTERVENTION_MEASUREMENT_CODE', 86942060, 'test5', TO_DATE('2020-03-11 08:03:36', 'YYYY-MM-DD HH24:MI:SS'), null, null, '', TO_DATE('2020-03-06 09:17:12', 'YYYY-MM-DD HH24:MI:SS'), 'PROBATION1', TO_DATE('2020-03-11 08:03:36', 'YYYY-MM-DD HH24:MI:SS'), 'PROBATION1');
INSERT INTO SSP_INTERVENTION_MEASURE (SSP_INTERVENTION_MEASURE_PK, INTERVENE_MEAS_CODE_ELM, INTERVENE_MEAS_CODE_CAT, SSP_INTERVENTION_IN_SET_PK, INTERVENE_MEAS_COMMENT, LAST_UPDATE_DATE, MIG_GUID, MIG_ID, CHECKSUM, CREATE_DATE, CREATE_USER, LASTUPD_DATE, LASTUPD_USER) VALUES (321320, 'RII', 'INTERVENTION_MEASUREMENT_CODE', 86943056, 'test6', TO_DATE('2020-03-11 08:03:36', 'YYYY-MM-DD HH24:MI:SS'), null, null, '', TO_DATE('2020-03-06 09:18:03', 'YYYY-MM-DD HH24:MI:SS'), 'PROBATION1', TO_DATE('2020-03-11 08:03:36', 'YYYY-MM-DD HH24:MI:SS'), 'PROBATION1');
INSERT INTO SSP_INTERVENTION_MEASURE (SSP_INTERVENTION_MEASURE_PK, INTERVENE_MEAS_CODE_ELM, INTERVENE_MEAS_CODE_CAT, SSP_INTERVENTION_IN_SET_PK, INTERVENE_MEAS_COMMENT, LAST_UPDATE_DATE, MIG_GUID, MIG_ID, CHECKSUM, CREATE_DATE, CREATE_USER, LASTUPD_DATE, LASTUPD_USER) VALUES (321321, 'R', 'INTERVENTION_MEASUREMENT_CODE', 86944052, 'test7', TO_DATE('2020-03-11 08:03:36', 'YYYY-MM-DD HH24:MI:SS'), null, null, '', TO_DATE('2020-03-06 09:18:26', 'YYYY-MM-DD HH24:MI:SS'), 'PROBATION1', TO_DATE('2020-03-11 08:03:36', 'YYYY-MM-DD HH24:MI:SS'), 'PROBATION1');
INSERT INTO SSP_INTERVENTION_MEASURE (SSP_INTERVENTION_MEASURE_PK, INTERVENE_MEAS_CODE_ELM, INTERVENE_MEAS_CODE_CAT, SSP_INTERVENTION_IN_SET_PK, INTERVENE_MEAS_COMMENT, LAST_UPDATE_DATE, MIG_GUID, MIG_ID, CHECKSUM, CREATE_DATE, CREATE_USER, LASTUPD_DATE, LASTUPD_USER) VALUES (321322, 'RII', 'INTERVENTION_MEASUREMENT_CODE', 86945048, 'test', TO_DATE('2020-03-06 09:20:47', 'YYYY-MM-DD HH24:MI:SS'), null, null, '', TO_DATE('2020-03-06 09:20:28', 'YYYY-MM-DD HH24:MI:SS'), 'PROBATION1', TO_DATE('2020-03-06 09:20:47', 'YYYY-MM-DD HH24:MI:SS'), 'PROBATION1');
INSERT INTO SSP_INTERVENTION_MEASURE (SSP_INTERVENTION_MEASURE_PK, INTERVENE_MEAS_CODE_ELM, INTERVENE_MEAS_CODE_CAT, SSP_INTERVENTION_IN_SET_PK, INTERVENE_MEAS_COMMENT, LAST_UPDATE_DATE, MIG_GUID, MIG_ID, CHECKSUM, CREATE_DATE, CREATE_USER, LASTUPD_DATE, LASTUPD_USER) VALUES (321323, 'RII', 'INTERVENTION_MEASUREMENT_CODE', 86946044, null, TO_DATE('2020-03-06 09:20:47', 'YYYY-MM-DD HH24:MI:SS'), null, null, '', TO_DATE('2020-03-06 09:20:47', 'YYYY-MM-DD HH24:MI:SS'), 'PROBATION1', TO_DATE('2020-03-06 09:20:47', 'YYYY-MM-DD HH24:MI:SS'), 'PROBATION1');

INSERT INTO SSP_WHO_DO_WORK_PIVOT (SSP_WHO_DO_WORK_PIVOT_PK, WHO_WORK_OBJ_ELM, WHO_WORK_OBJ_CAT, COMMENTS, SSP_INTERVENTION_IN_SET_PK, MIG_GUID, MIG_ID, CHECKSUM, CREATE_DATE, CREATE_USER, LASTUPD_DATE, LASTUPD_USER) VALUES (327394, 'IX2', '_OBJECTIVE_CODE', null, 86941064, null, null, '', TO_DATE('2020-03-06 09:12:52', 'YYYY-MM-DD HH24:MI:SS'), 'PROBATION1', TO_DATE('2020-03-06 09:12:52', 'YYYY-MM-DD HH24:MI:SS'), 'PROBATION1');
INSERT INTO SSP_WHO_DO_WORK_PIVOT (SSP_WHO_DO_WORK_PIVOT_PK, WHO_WORK_OBJ_ELM, WHO_WORK_OBJ_CAT, COMMENTS, SSP_INTERVENTION_IN_SET_PK, MIG_GUID, MIG_ID, CHECKSUM, CREATE_DATE, CREATE_USER, LASTUPD_DATE, LASTUPD_USER) VALUES (327395, 'IX3', '_OBJECTIVE_CODE', 'test2', 86942060, null, null, '', TO_DATE('2020-03-06 09:17:12', 'YYYY-MM-DD HH24:MI:SS'), 'PROBATION1', TO_DATE('2020-03-11 07:59:24', 'YYYY-MM-DD HH24:MI:SS'), 'PROBATION1');
INSERT INTO SSP_WHO_DO_WORK_PIVOT (SSP_WHO_DO_WORK_PIVOT_PK, WHO_WORK_OBJ_ELM, WHO_WORK_OBJ_CAT, COMMENTS, SSP_INTERVENTION_IN_SET_PK, MIG_GUID, MIG_ID, CHECKSUM, CREATE_DATE, CREATE_USER, LASTUPD_DATE, LASTUPD_USER) VALUES (327396, 'IX1', '_OBJECTIVE_CODE', 'test3', 86942060, null, null, '', TO_DATE('2020-03-06 09:17:12', 'YYYY-MM-DD HH24:MI:SS'), 'PROBATION1', TO_DATE('2020-03-11 07:59:24', 'YYYY-MM-DD HH24:MI:SS'), 'PROBATION1');
INSERT INTO SSP_WHO_DO_WORK_PIVOT (SSP_WHO_DO_WORK_PIVOT_PK, WHO_WORK_OBJ_ELM, WHO_WORK_OBJ_CAT, COMMENTS, SSP_INTERVENTION_IN_SET_PK, MIG_GUID, MIG_ID, CHECKSUM, CREATE_DATE, CREATE_USER, LASTUPD_DATE, LASTUPD_USER) VALUES (327397, 'IX2', '_OBJECTIVE_CODE', 'test4', 86942060, null, null, '', TO_DATE('2020-03-06 09:17:12', 'YYYY-MM-DD HH24:MI:SS'), 'PROBATION1', TO_DATE('2020-03-11 07:59:24', 'YYYY-MM-DD HH24:MI:SS'), 'PROBATION1');
INSERT INTO SSP_WHO_DO_WORK_PIVOT (SSP_WHO_DO_WORK_PIVOT_PK, WHO_WORK_OBJ_ELM, WHO_WORK_OBJ_CAT, COMMENTS, SSP_INTERVENTION_IN_SET_PK, MIG_GUID, MIG_ID, CHECKSUM, CREATE_DATE, CREATE_USER, LASTUPD_DATE, LASTUPD_USER) VALUES (327398, 'IX1', '_OBJECTIVE_CODE', 'test', 86943056, null, null, '', TO_DATE('2020-03-06 09:18:03', 'YYYY-MM-DD HH24:MI:SS'), 'PROBATION1', TO_DATE('2020-03-06 09:18:03', 'YYYY-MM-DD HH24:MI:SS'), 'PROBATION1');
INSERT INTO SSP_WHO_DO_WORK_PIVOT (SSP_WHO_DO_WORK_PIVOT_PK, WHO_WORK_OBJ_ELM, WHO_WORK_OBJ_CAT, COMMENTS, SSP_INTERVENTION_IN_SET_PK, MIG_GUID, MIG_ID, CHECKSUM, CREATE_DATE, CREATE_USER, LASTUPD_DATE, LASTUPD_USER) VALUES (327399, 'IX2', '_OBJECTIVE_CODE', 'test', 86943056, null, null, '', TO_DATE('2020-03-06 09:18:03', 'YYYY-MM-DD HH24:MI:SS'), 'PROBATION1', TO_DATE('2020-03-06 09:18:03', 'YYYY-MM-DD HH24:MI:SS'), 'PROBATION1');
INSERT INTO SSP_WHO_DO_WORK_PIVOT (SSP_WHO_DO_WORK_PIVOT_PK, WHO_WORK_OBJ_ELM, WHO_WORK_OBJ_CAT, COMMENTS, SSP_INTERVENTION_IN_SET_PK, MIG_GUID, MIG_ID, CHECKSUM, CREATE_DATE, CREATE_USER, LASTUPD_DATE, LASTUPD_USER) VALUES (327400, 'IX3', '_OBJECTIVE_CODE', 'test', 86943056, null, null, '', TO_DATE('2020-03-06 09:18:03', 'YYYY-MM-DD HH24:MI:SS'), 'PROBATION1', TO_DATE('2020-03-06 09:18:03', 'YYYY-MM-DD HH24:MI:SS'), 'PROBATION1');
INSERT INTO SSP_WHO_DO_WORK_PIVOT (SSP_WHO_DO_WORK_PIVOT_PK, WHO_WORK_OBJ_ELM, WHO_WORK_OBJ_CAT, COMMENTS, SSP_INTERVENTION_IN_SET_PK, MIG_GUID, MIG_ID, CHECKSUM, CREATE_DATE, CREATE_USER, LASTUPD_DATE, LASTUPD_USER) VALUES (327401, 'IX1', '_OBJECTIVE_CODE', 'test', 86944052, null, null, '', TO_DATE('2020-03-06 09:18:26', 'YYYY-MM-DD HH24:MI:SS'), 'PROBATION1', TO_DATE('2020-03-06 09:18:26', 'YYYY-MM-DD HH24:MI:SS'), 'PROBATION1');
INSERT INTO SSP_WHO_DO_WORK_PIVOT (SSP_WHO_DO_WORK_PIVOT_PK, WHO_WORK_OBJ_ELM, WHO_WORK_OBJ_CAT, COMMENTS, SSP_INTERVENTION_IN_SET_PK, MIG_GUID, MIG_ID, CHECKSUM, CREATE_DATE, CREATE_USER, LASTUPD_DATE, LASTUPD_USER) VALUES (327402, 'IX2', '_OBJECTIVE_CODE', 'test', 86944052, null, null, '', TO_DATE('2020-03-06 09:18:26', 'YYYY-MM-DD HH24:MI:SS'), 'PROBATION1', TO_DATE('2020-03-06 09:18:26', 'YYYY-MM-DD HH24:MI:SS'), 'PROBATION1');
INSERT INTO SSP_WHO_DO_WORK_PIVOT (SSP_WHO_DO_WORK_PIVOT_PK, WHO_WORK_OBJ_ELM, WHO_WORK_OBJ_CAT, COMMENTS, SSP_INTERVENTION_IN_SET_PK, MIG_GUID, MIG_ID, CHECKSUM, CREATE_DATE, CREATE_USER, LASTUPD_DATE, LASTUPD_USER) VALUES (327403, 'IX7', '_OBJECTIVE_CODE', 'test', 86944052, null, null, '', TO_DATE('2020-03-06 09:18:26', 'YYYY-MM-DD HH24:MI:SS'), 'PROBATION1', TO_DATE('2020-03-06 09:18:26', 'YYYY-MM-DD HH24:MI:SS'), 'PROBATION1');
INSERT INTO SSP_WHO_DO_WORK_PIVOT (SSP_WHO_DO_WORK_PIVOT_PK, WHO_WORK_OBJ_ELM, WHO_WORK_OBJ_CAT, COMMENTS, SSP_INTERVENTION_IN_SET_PK, MIG_GUID, MIG_ID, CHECKSUM, CREATE_DATE, CREATE_USER, LASTUPD_DATE, LASTUPD_USER) VALUES (327404, 'IX2', '_OBJECTIVE_CODE', 'test', 86945048, null, null, '', TO_DATE('2020-03-06 09:20:28', 'YYYY-MM-DD HH24:MI:SS'), 'PROBATION1', TO_DATE('2020-03-06 09:20:28', 'YYYY-MM-DD HH24:MI:SS'), 'PROBATION1');
INSERT INTO SSP_WHO_DO_WORK_PIVOT (SSP_WHO_DO_WORK_PIVOT_PK, WHO_WORK_OBJ_ELM, WHO_WORK_OBJ_CAT, COMMENTS, SSP_INTERVENTION_IN_SET_PK, MIG_GUID, MIG_ID, CHECKSUM, CREATE_DATE, CREATE_USER, LASTUPD_DATE, LASTUPD_USER) VALUES (327405, 'IX2', '_OBJECTIVE_CODE', null, 86946044, null, null, '', TO_DATE('2020-03-06 09:20:47', 'YYYY-MM-DD HH24:MI:SS'), 'PROBATION1', TO_DATE('2020-03-06 09:20:47', 'YYYY-MM-DD HH24:MI:SS'), 'PROBATION1');

--needs
INSERT INTO SSP_CRIM_NEED_OBJ_PIVOT (SSP_CRIM_NEED_OBJ_PIVOT_PK, CRIMINOGENIC_NEED_ELM, CRIMINOGENIC_NEED_CAT, DISPLAY_SORT, SSP_OBJECTIVES_IN_SET_PK, MIG_GUID, MIG_ID, CHECKSUM, CREATE_DATE, CREATE_USER, LASTUPD_DATE, LASTUPD_USER) VALUES (314379, 'I2A', 'CRIMINOGENIC_NEED', 1, 317296, null, null, '', TO_DATE('2020-03-06 09:12:52', 'YYYY-MM-DD HH24:MI:SS'), 'PROBATION1', TO_DATE('2020-03-06 09:12:52', 'YYYY-MM-DD HH24:MI:SS'), 'PROBATION1');
INSERT INTO SSP_CRIM_NEED_OBJ_PIVOT (SSP_CRIM_NEED_OBJ_PIVOT_PK, CRIMINOGENIC_NEED_ELM, CRIMINOGENIC_NEED_CAT, DISPLAY_SORT, SSP_OBJECTIVES_IN_SET_PK, MIG_GUID, MIG_ID, CHECKSUM, CREATE_DATE, CREATE_USER, LASTUPD_DATE, LASTUPD_USER) VALUES (314380, 'I5A', 'CRIMINOGENIC_NEED', 1, 317297, null, null, '', TO_DATE('2020-03-06 09:17:12', 'YYYY-MM-DD HH24:MI:SS'), 'PROBATION1', TO_DATE('2020-03-06 09:17:12', 'YYYY-MM-DD HH24:MI:SS'), 'PROBATION1');
INSERT INTO SSP_CRIM_NEED_OBJ_PIVOT (SSP_CRIM_NEED_OBJ_PIVOT_PK, CRIMINOGENIC_NEED_ELM, CRIMINOGENIC_NEED_CAT, DISPLAY_SORT, SSP_OBJECTIVES_IN_SET_PK, MIG_GUID, MIG_ID, CHECKSUM, CREATE_DATE, CREATE_USER, LASTUPD_DATE, LASTUPD_USER) VALUES (314381, 'IHD', 'CRIMINOGENIC_NEED', 2, 317297, null, null, '', TO_DATE('2020-03-06 09:17:12', 'YYYY-MM-DD HH24:MI:SS'), 'PROBATION1', TO_DATE('2020-03-06 09:17:12', 'YYYY-MM-DD HH24:MI:SS'), 'PROBATION1');
INSERT INTO SSP_CRIM_NEED_OBJ_PIVOT (SSP_CRIM_NEED_OBJ_PIVOT_PK, CRIMINOGENIC_NEED_ELM, CRIMINOGENIC_NEED_CAT, DISPLAY_SORT, SSP_OBJECTIVES_IN_SET_PK, MIG_GUID, MIG_ID, CHECKSUM, CREATE_DATE, CREATE_USER, LASTUPD_DATE, LASTUPD_USER) VALUES (314382, 'IHA', 'CRIMINOGENIC_NEED', 3, 317297, null, null, '', TO_DATE('2020-03-06 09:17:12', 'YYYY-MM-DD HH24:MI:SS'), 'PROBATION1', TO_DATE('2020-03-06 09:17:12', 'YYYY-MM-DD HH24:MI:SS'), 'PROBATION1');
INSERT INTO SSP_CRIM_NEED_OBJ_PIVOT (SSP_CRIM_NEED_OBJ_PIVOT_PK, CRIMINOGENIC_NEED_ELM, CRIMINOGENIC_NEED_CAT, DISPLAY_SORT, SSP_OBJECTIVES_IN_SET_PK, MIG_GUID, MIG_ID, CHECKSUM, CREATE_DATE, CREATE_USER, LASTUPD_DATE, LASTUPD_USER) VALUES (314383, 'IHC', 'CRIMINOGENIC_NEED', 4, 317297, null, null, '', TO_DATE('2020-03-06 09:17:12', 'YYYY-MM-DD HH24:MI:SS'), 'PROBATION1', TO_DATE('2020-03-06 09:17:12', 'YYYY-MM-DD HH24:MI:SS'), 'PROBATION1');
INSERT INTO SSP_CRIM_NEED_OBJ_PIVOT (SSP_CRIM_NEED_OBJ_PIVOT_PK, CRIMINOGENIC_NEED_ELM, CRIMINOGENIC_NEED_CAT, DISPLAY_SORT, SSP_OBJECTIVES_IN_SET_PK, MIG_GUID, MIG_ID, CHECKSUM, CREATE_DATE, CREATE_USER, LASTUPD_DATE, LASTUPD_USER) VALUES (314384, 'IHB', 'CRIMINOGENIC_NEED', 1, 317298, null, null, '', TO_DATE('2020-03-06 09:20:28', 'YYYY-MM-DD HH24:MI:SS'), 'PROBATION1', TO_DATE('2020-03-06 09:20:28', 'YYYY-MM-DD HH24:MI:SS'), 'PROBATION1');
INSERT INTO SSP_CRIM_NEED_OBJ_PIVOT (SSP_CRIM_NEED_OBJ_PIVOT_PK, CRIMINOGENIC_NEED_ELM, CRIMINOGENIC_NEED_CAT, DISPLAY_SORT, SSP_OBJECTIVES_IN_SET_PK, MIG_GUID, MIG_ID, CHECKSUM, CREATE_DATE, CREATE_USER, LASTUPD_DATE, LASTUPD_USER) VALUES (314385, 'I6A', 'CRIMINOGENIC_NEED', 2, 317298, null, null, '', TO_DATE('2020-03-06 09:20:28', 'YYYY-MM-DD HH24:MI:SS'), 'PROBATION1', TO_DATE('2020-03-06 09:20:28', 'YYYY-MM-DD HH24:MI:SS'), 'PROBATION1');
INSERT INTO SSP_CRIM_NEED_OBJ_PIVOT (SSP_CRIM_NEED_OBJ_PIVOT_PK, CRIMINOGENIC_NEED_ELM, CRIMINOGENIC_NEED_CAT, DISPLAY_SORT, SSP_OBJECTIVES_IN_SET_PK, MIG_GUID, MIG_ID, CHECKSUM, CREATE_DATE, CREATE_USER, LASTUPD_DATE, LASTUPD_USER) VALUES (314386, 'IHH', 'CRIMINOGENIC_NEED', 3, 317298, null, null, '', TO_DATE('2020-03-06 09:20:28', 'YYYY-MM-DD HH24:MI:SS'), 'PROBATION1', TO_DATE('2020-03-06 09:20:28', 'YYYY-MM-DD HH24:MI:SS'), 'PROBATION1');
INSERT INTO SSP_CRIM_NEED_OBJ_PIVOT (SSP_CRIM_NEED_OBJ_PIVOT_PK, CRIMINOGENIC_NEED_ELM, CRIMINOGENIC_NEED_CAT, DISPLAY_SORT, SSP_OBJECTIVES_IN_SET_PK, MIG_GUID, MIG_ID, CHECKSUM, CREATE_DATE, CREATE_USER, LASTUPD_DATE, LASTUPD_USER) VALUES (314387, 'I9A', 'CRIMINOGENIC_NEED', 4, 317298, null, null, '', TO_DATE('2020-03-06 09:20:28', 'YYYY-MM-DD HH24:MI:SS'), 'PROBATION1', TO_DATE('2020-03-06 09:20:28', 'YYYY-MM-DD HH24:MI:SS'), 'PROBATION1');